Species;Period;Abundance;Region
Adelomyia melanogenys;HISTORICAL;9;MIRAFLORES
Aglaiocercus kingii;HISTORICAL;1;MIRAFLORES
Ampelioides tschudii;HISTORICAL;1;MIRAFLORES
Anabacerthia striaticollis;HISTORICAL;11;MIRAFLORES
Anisognathus somptuosus;HISTORICAL;17;MIRAFLORES
Ara severus;HISTORICAL;2;MIRAFLORES
Arremon brunneinucha;HISTORICAL;11;MIRAFLORES
Atlapetes albinucha;HISTORICAL;2;MIRAFLORES
Aulacorhynchus albivitta;HISTORICAL;6;MIRAFLORES
Basileuterus culicivorus;HISTORICAL;1;MIRAFLORES
Basileuterus tristriatus;HISTORICAL;9;MIRAFLORES
Campephilus melanoleucos;HISTORICAL;1;MIRAFLORES
Camptostoma obsoletum;HISTORICAL;2;MIRAFLORES
Campylorhamphus pusillus;HISTORICAL;2;MIRAFLORES
Catharus aurantiirostris;HISTORICAL;3;MIRAFLORES
Catharus ustulatus;HISTORICAL;2;MIRAFLORES
Cercomacroides parkeri;HISTORICAL;2;MIRAFLORES
Chalcothraupis ruficervix;HISTORICAL;2;MIRAFLORES
Chalybura buffonii;HISTORICAL;1;MIRAFLORES
Chamaeza turdina;HISTORICAL;1;MIRAFLORES
Chlorophanes spiza;HISTORICAL;4;MIRAFLORES
Chlorospingus canigularis;HISTORICAL;12;MIRAFLORES
Chlorospingus flavopectus;HISTORICAL;3;MIRAFLORES
Chlorostilbon gibsoni;HISTORICAL;2;MIRAFLORES
Chlorostilbon melanorhynchus;HISTORICAL;8;MIRAFLORES
Chrysolampis mosquitus;HISTORICAL;1;MIRAFLORES
Chrysuronia grayi;HISTORICAL;1;MIRAFLORES
Coccyzus melacoryphus;HISTORICAL;1;MIRAFLORES
Coeligena coeligena;HISTORICAL;6;MIRAFLORES
Coereba flaveola;HISTORICAL;1;MIRAFLORES
Colaptes rubiginosus;HISTORICAL;4;MIRAFLORES
Colibri delphinae;HISTORICAL;1;MIRAFLORES
Columbina talpacoti;HISTORICAL;7;MIRAFLORES
Conopias cinchoneti;HISTORICAL;1;MIRAFLORES
Contopus fumigatus;HISTORICAL;1;MIRAFLORES
Crotophaga ani;HISTORICAL;2;MIRAFLORES
Cyanocorax yncas;HISTORICAL;5;MIRAFLORES
Cyclarhis nigrirostris;HISTORICAL;1;MIRAFLORES
Dendrocolaptes picumnus;HISTORICAL;2;MIRAFLORES
Diglossa albilatera;HISTORICAL;1;MIRAFLORES
Diglossa sittoides;HISTORICAL;1;MIRAFLORES
Doryfera ludovicae;HISTORICAL;1;MIRAFLORES
Drymophila striaticeps;HISTORICAL;2;MIRAFLORES
Dryobates fumigatus;HISTORICAL;1;MIRAFLORES
Dryocopus lineatus;HISTORICAL;1;MIRAFLORES
Dysithamnus mentalis;HISTORICAL;7;MIRAFLORES
Elaenia chiriquensis;HISTORICAL;1;MIRAFLORES
Elaenia flavogaster;HISTORICAL;1;MIRAFLORES
Epinecrophylla fulviventris;HISTORICAL;1;MIRAFLORES
Euphonia xanthogaster;HISTORICAL;3;MIRAFLORES
Florisuga mellivora;HISTORICAL;3;MIRAFLORES
Formicarius rufipectus;HISTORICAL;9;MIRAFLORES
Forpus conspicillatus;HISTORICAL;9;MIRAFLORES
Grallaria ruficapilla;HISTORICAL;3;MIRAFLORES
Hafferia immaculata;HISTORICAL;1;MIRAFLORES
Haplophaedia aureliae;HISTORICAL;11;MIRAFLORES
Heliodoxa rubinoides;HISTORICAL;1;MIRAFLORES
Hemithraupis ruficapilla;HISTORICAL;1;MIRAFLORES
Hemitriccus granadensis;HISTORICAL;1;MIRAFLORES
Henicorhina leucophrys;HISTORICAL;6;MIRAFLORES
Icterus chrysater;HISTORICAL;2;MIRAFLORES
Leiothlypis peregrina;HISTORICAL;1;MIRAFLORES
Lepidocolaptes lacrymiger;HISTORICAL;8;MIRAFLORES
Leptopogon superciliaris;HISTORICAL;2;MIRAFLORES
Leptotila verreauxi;HISTORICAL;10;MIRAFLORES
Lochmias nematura;HISTORICAL;2;MIRAFLORES
Lophotriccus pileatus;HISTORICAL;2;MIRAFLORES
Melanerpes formicivorus;HISTORICAL;1;MIRAFLORES
Mionectes striaticollis;HISTORICAL;2;MIRAFLORES
Molothrus bonariensis;HISTORICAL;9;MIRAFLORES
Molothrus oryzivorus;HISTORICAL;1;MIRAFLORES
Momotus aequatorialis;HISTORICAL;5;MIRAFLORES
Myadestes ralloides;HISTORICAL;5;MIRAFLORES
Myiarchus apicalis;HISTORICAL;1;MIRAFLORES
Myiarchus cephalotes;HISTORICAL;3;MIRAFLORES
Myiarchus tuberculifer;HISTORICAL;1;MIRAFLORES
Myioborus miniatus;HISTORICAL;9;MIRAFLORES
Myiothlypis coronata;HISTORICAL;3;MIRAFLORES
Myiozetetes cayanensis;HISTORICAL;1;MIRAFLORES
Myrmotherula schisticolor;HISTORICAL;5;MIRAFLORES
Ocreatus underwoodii;HISTORICAL;8;MIRAFLORES
Ognorhynchus icterotis;HISTORICAL;4;MIRAFLORES
Pachyramphus polychopterus;HISTORICAL;1;MIRAFLORES
Pachyramphus versicolor;HISTORICAL;2;MIRAFLORES
Parabuteo unicinctus;HISTORICAL;1;MIRAFLORES
Patagioenas cayennensis;HISTORICAL;2;MIRAFLORES
Patagioenas fasciata;HISTORICAL;1;MIRAFLORES
Penelope perspicax;HISTORICAL;1;MIRAFLORES
Phaethornis guy;HISTORICAL;9;MIRAFLORES
Pharomachrus auriceps;HISTORICAL;8;MIRAFLORES
Pheugopedius mystacalis;HISTORICAL;6;MIRAFLORES
Phyllomyias griseiceps;HISTORICAL;1;MIRAFLORES
Phyllomyias plumbeiceps;HISTORICAL;1;MIRAFLORES
Pionus chalcopterus;HISTORICAL;11;MIRAFLORES
Piranga leucoptera;HISTORICAL;1;MIRAFLORES
Poecilotriccus ruficeps;HISTORICAL;1;MIRAFLORES
Pogonotriccus poecilotis;HISTORICAL;1;MIRAFLORES
Premnoplex brunnescens;HISTORICAL;2;MIRAFLORES
Psarocolius angustifrons;HISTORICAL;2;MIRAFLORES
Psarocolius decumanus;HISTORICAL;5;MIRAFLORES
Psittacara wagleri;HISTORICAL;3;MIRAFLORES
Pyrocephalus rubinus;HISTORICAL;2;MIRAFLORES
Pyroderus scutatus;HISTORICAL;2;MIRAFLORES
Pyrrhomyias cinnamomeus;HISTORICAL;2;MIRAFLORES
Ramphastos ambiguus;HISTORICAL;2;MIRAFLORES
Ramphocaenus melanurus;HISTORICAL;1;MIRAFLORES
Ramphocelus dimidiatus;HISTORICAL;2;MIRAFLORES
Ramphocelus flammigerus;HISTORICAL;7;MIRAFLORES
Rupornis magnirostris;HISTORICAL;1;MIRAFLORES
Saltator atripennis;HISTORICAL;4;MIRAFLORES
Saltator striatipectus;HISTORICAL;11;MIRAFLORES
Saucerottia saucerottei;HISTORICAL;7;MIRAFLORES
Schistes albogularis;HISTORICAL;1;MIRAFLORES
Scytalopus latrans;HISTORICAL;1;MIRAFLORES
Scytalopus spillmanni;HISTORICAL;2;MIRAFLORES
Setophaga fusca;HISTORICAL;2;MIRAFLORES
Setophaga pitiayumi;HISTORICAL;6;MIRAFLORES
Sphenopsis frontalis;HISTORICAL;2;MIRAFLORES
Spinus psaltria;HISTORICAL;5;MIRAFLORES
Sporophila intermedia;HISTORICAL;4;MIRAFLORES
Sporophila minuta;HISTORICAL;1;MIRAFLORES
Sporophila nigricollis;HISTORICAL;3;MIRAFLORES
Stilpnia cyanicollis;HISTORICAL;8;MIRAFLORES
Stilpnia vitriolina;HISTORICAL;5;MIRAFLORES
Synallaxis albescens;HISTORICAL;3;MIRAFLORES
Synallaxis azarae;HISTORICAL;4;MIRAFLORES
Synallaxis brachyura;HISTORICAL;2;MIRAFLORES
Syndactyla subalaris;HISTORICAL;1;MIRAFLORES
Tachyphonus rufus;HISTORICAL;4;MIRAFLORES
Tangara arthus;HISTORICAL;2;MIRAFLORES
Tangara labradorides;HISTORICAL;12;MIRAFLORES
Tangara xanthocephala;HISTORICAL;2;MIRAFLORES
Tersina viridis;HISTORICAL;1;MIRAFLORES
Thamnophilus multistriatus;HISTORICAL;6;MIRAFLORES
Thraupis episcopus;HISTORICAL;3;MIRAFLORES
Thripadectes virgaticeps;HISTORICAL;1;MIRAFLORES
Tiaris olivaceus;HISTORICAL;2;MIRAFLORES
Todirostrum cinereum;HISTORICAL;1;MIRAFLORES
Troglodytes aedon;HISTORICAL;2;MIRAFLORES
Trogon collaris;HISTORICAL;3;MIRAFLORES
Turdus ignobilis;HISTORICAL;6;MIRAFLORES
Tyrannus tyrannus;HISTORICAL;1;MIRAFLORES
Uranomitra franciae;HISTORICAL;5;MIRAFLORES
Vireo leucophrys;HISTORICAL;5;MIRAFLORES
Vireo olivaceus;HISTORICAL;2;MIRAFLORES
Volatinia jacarina;HISTORICAL;1;MIRAFLORES
Xenops rutilans;HISTORICAL;2;MIRAFLORES
Xiphorhynchus triangularis;HISTORICAL;3;MIRAFLORES
Zentrygon frenata;HISTORICAL;1;MIRAFLORES
Zimmerius chrysops;HISTORICAL;2;MIRAFLORES
Zonotrichia capensis;HISTORICAL;2;MIRAFLORES
Adelomyia melanogenys;MODERN;5;MIRAFLORES
Aglaiocercus kingii;MODERN;1;MIRAFLORES
Anabacerthia striaticollis;MODERN;9;MIRAFLORES
Anisognathus somptuosus;MODERN;2;MIRAFLORES
Ara severus;MODERN;1;MIRAFLORES
Arremon brunneinucha;MODERN;7;MIRAFLORES
Atlapetes albinucha;MODERN;10;MIRAFLORES
Aulacorhynchus albivitta;MODERN;1;MIRAFLORES
Basileuterus culicivorus;MODERN;11;MIRAFLORES
Basileuterus tristriatus;MODERN;5;MIRAFLORES
Campephilus melanoleucos;MODERN;1;MIRAFLORES
Camptostoma obsoletum;MODERN;2;MIRAFLORES
Campylorhamphus pusillus;MODERN;1;MIRAFLORES
Catharus aurantiirostris;MODERN;10;MIRAFLORES
Catharus ustulatus;MODERN;1;MIRAFLORES
Cercomacroides parkeri;MODERN;8;MIRAFLORES
Chalcothraupis ruficervix;MODERN;1;MIRAFLORES
Chalybura buffonii;MODERN;1;MIRAFLORES
Chlorophanes spiza;MODERN;2;MIRAFLORES
Chlorospingus canigularis;MODERN;2;MIRAFLORES
Chlorospingus flavopectus;MODERN;1;MIRAFLORES
Chlorostilbon melanorhynchus;MODERN;7;MIRAFLORES
Chrysolampis mosquitus;MODERN;1;MIRAFLORES
Chrysuronia grayi;MODERN;1;MIRAFLORES
Coccyzus melacoryphus;MODERN;1;MIRAFLORES
Coeligena coeligena;MODERN;9;MIRAFLORES
Coereba flaveola;MODERN;2;MIRAFLORES
Colaptes rubiginosus;MODERN;3;MIRAFLORES
Colibri delphinae;MODERN;1;MIRAFLORES
Columbina talpacoti;MODERN;2;MIRAFLORES
Contopus fumigatus;MODERN;1;MIRAFLORES
Crotophaga ani;MODERN;1;MIRAFLORES
Cyanocorax yncas;MODERN;2;MIRAFLORES
Cyclarhis nigrirostris;MODERN;1;MIRAFLORES
Dendrocolaptes picumnus;MODERN;1;MIRAFLORES
Diglossa albilatera;MODERN;1;MIRAFLORES
Diglossa sittoides;MODERN;1;MIRAFLORES
Doryfera ludovicae;MODERN;2;MIRAFLORES
Dryobates fumigatus;MODERN;3;MIRAFLORES
Dryocopus lineatus;MODERN;2;MIRAFLORES
Dysithamnus mentalis;MODERN;9;MIRAFLORES
Elaenia chiriquensis;MODERN;1;MIRAFLORES
Elaenia flavogaster;MODERN;2;MIRAFLORES
Epinecrophylla fulviventris;MODERN;4;MIRAFLORES
Euphonia xanthogaster;MODERN;1;MIRAFLORES
Florisuga mellivora;MODERN;2;MIRAFLORES
Forpus conspicillatus;MODERN;1;MIRAFLORES
Grallaria ruficapilla;MODERN;2;MIRAFLORES
Haplophaedia aureliae;MODERN;1;MIRAFLORES
Heliodoxa rubinoides;MODERN;1;MIRAFLORES
Hemitriccus granadensis;MODERN;1;MIRAFLORES
Henicorhina leucophrys;MODERN;1;MIRAFLORES
Icterus chrysater;MODERN;7;MIRAFLORES
Leiothlypis peregrina;MODERN;1;MIRAFLORES
Lepidocolaptes lacrymiger;MODERN;3;MIRAFLORES
Leptopogon superciliaris;MODERN;7;MIRAFLORES
Leptotila verreauxi;MODERN;4;MIRAFLORES
Lophotriccus pileatus;MODERN;2;MIRAFLORES
Melanerpes formicivorus;MODERN;1;MIRAFLORES
Mionectes striaticollis;MODERN;1;MIRAFLORES
Molothrus bonariensis;MODERN;1;MIRAFLORES
Molothrus oryzivorus;MODERN;1;MIRAFLORES
Momotus aequatorialis;MODERN;7;MIRAFLORES
Myadestes ralloides;MODERN;8;MIRAFLORES
Myiarchus apicalis;MODERN;4;MIRAFLORES
Myiarchus cephalotes;MODERN;3;MIRAFLORES
Myiarchus tuberculifer;MODERN;6;MIRAFLORES
Myioborus miniatus;MODERN;13;MIRAFLORES
Myiothlypis coronata;MODERN;1;MIRAFLORES
Myiozetetes cayanensis;MODERN;2;MIRAFLORES
Myrmotherula schisticolor;MODERN;3;MIRAFLORES
Ocreatus underwoodii;MODERN;4;MIRAFLORES
Pachyramphus polychopterus;MODERN;3;MIRAFLORES
Pachyramphus versicolor;MODERN;1;MIRAFLORES
Patagioenas cayennensis;MODERN;1;MIRAFLORES
Patagioenas fasciata;MODERN;2;MIRAFLORES
Phaethornis guy;MODERN;15;MIRAFLORES
Pharomachrus auriceps;MODERN;1;MIRAFLORES
Pheugopedius mystacalis;MODERN;8;MIRAFLORES
Phyllomyias griseiceps;MODERN;1;MIRAFLORES
Pionus chalcopterus;MODERN;2;MIRAFLORES
Poecilotriccus ruficeps;MODERN;1;MIRAFLORES
Psittacara wagleri;MODERN;2;MIRAFLORES
Pyrocephalus rubinus;MODERN;1;MIRAFLORES
Pyrrhomyias cinnamomeus;MODERN;1;MIRAFLORES
Ramphocaenus melanurus;MODERN;6;MIRAFLORES
Ramphocelus dimidiatus;MODERN;2;MIRAFLORES
Ramphocelus flammigerus;MODERN;6;MIRAFLORES
Rupornis magnirostris;MODERN;2;MIRAFLORES
Saltator atripennis;MODERN;3;MIRAFLORES
Saltator striatipectus;MODERN;8;MIRAFLORES
Saucerottia saucerottei;MODERN;10;MIRAFLORES
Schistes albogularis;MODERN;1;MIRAFLORES
Scytalopus latrans;MODERN;1;MIRAFLORES
Scytalopus spillmanni;MODERN;1;MIRAFLORES
Setophaga fusca;MODERN;1;MIRAFLORES
Setophaga pitiayumi;MODERN;3;MIRAFLORES
Sphenopsis frontalis;MODERN;1;MIRAFLORES
Spinus psaltria;MODERN;5;MIRAFLORES
Sporophila intermedia;MODERN;7;MIRAFLORES
Sporophila minuta;MODERN;1;MIRAFLORES
Sporophila nigricollis;MODERN;6;MIRAFLORES
Stilpnia cyanicollis;MODERN;2;MIRAFLORES
Stilpnia vitriolina;MODERN;10;MIRAFLORES
Synallaxis albescens;MODERN;1;MIRAFLORES
Synallaxis azarae;MODERN;4;MIRAFLORES
Synallaxis brachyura;MODERN;7;MIRAFLORES
Syndactyla subalaris;MODERN;1;MIRAFLORES
Tachyphonus rufus;MODERN;4;MIRAFLORES
Tangara arthus;MODERN;3;MIRAFLORES
Tangara labradorides;MODERN;1;MIRAFLORES
Tangara xanthocephala;MODERN;1;MIRAFLORES
Thamnophilus multistriatus;MODERN;6;MIRAFLORES
Thraupis episcopus;MODERN;2;MIRAFLORES
Tiaris olivaceus;MODERN;5;MIRAFLORES
Todirostrum cinereum;MODERN;4;MIRAFLORES
Troglodytes aedon;MODERN;3;MIRAFLORES
Trogon collaris;MODERN;5;MIRAFLORES
Turdus ignobilis;MODERN;8;MIRAFLORES
Tyrannus tyrannus;MODERN;1;MIRAFLORES
Uranomitra franciae;MODERN;5;MIRAFLORES
Vireo leucophrys;MODERN;2;MIRAFLORES
Vireo olivaceus;MODERN;1;MIRAFLORES
Volatinia jacarina;MODERN;4;MIRAFLORES
Xenops rutilans;MODERN;3;MIRAFLORES
Zentrygon frenata;MODERN;2;MIRAFLORES
Zimmerius chrysops;MODERN;3;MIRAFLORES
Zonotrichia capensis;MODERN;4;MIRAFLORES
Actitis macularius;HISTORICAL;5;BARBACOAS
Amaurolimnas concolor;HISTORICAL;1;BARBACOAS
Amazilia tzacatl;HISTORICAL;4;BARBACOAS
Amblycercus holosericeus;HISTORICAL;1;BARBACOAS
Androdon aequatorialis;HISTORICAL;10;BARBACOAS
Arremon aurantiirostris;HISTORICAL;3;BARBACOAS
Arremonops conirostris;HISTORICAL;4;BARBACOAS
Automolus subulatus;HISTORICAL;9;BARBACOAS
Baryphthengus martii;HISTORICAL;12;BARBACOAS
Butorides striata;HISTORICAL;2;BARBACOAS
Cacicus uropygialis;HISTORICAL;6;BARBACOAS
Campephilus haematogaster;HISTORICAL;1;BARBACOAS
Campylorhamphus pusillus;HISTORICAL;1;BARBACOAS
Cantorchilus nigricapillus;HISTORICAL;8;BARBACOAS
Capito quinticolor;HISTORICAL;1;BARBACOAS
Celeus loricatus;HISTORICAL;4;BARBACOAS
Ceratopipra mentalis;HISTORICAL;4;BARBACOAS
Cercomacroides tyrannina;HISTORICAL;5;BARBACOAS
Chalybura urochrysia;HISTORICAL;1;BARBACOAS
Chloroceryle americana;HISTORICAL;2;BARBACOAS
Chloroceryle inda;HISTORICAL;1;BARBACOAS
Chlorophanes spiza;HISTORICAL;1;BARBACOAS
Chlorothraupis olivacea;HISTORICAL;7;BARBACOAS
Colonia colonus;HISTORICAL;5;BARBACOAS
Cotinga nattererii;HISTORICAL;3;BARBACOAS
Crotophaga ani;HISTORICAL;2;BARBACOAS
Cryptoleucopteryx plumbea;HISTORICAL;1;BARBACOAS
Cryptopipo holochlora;HISTORICAL;2;BARBACOAS
Crypturellus berlepschi;HISTORICAL;1;BARBACOAS
Cyanerpes cyaneus;HISTORICAL;19;BARBACOAS
Cymbilaimus lineatus;HISTORICAL;6;BARBACOAS
Cyphorhinus phaeocephalus;HISTORICAL;1;BARBACOAS
Dacnis cayana;HISTORICAL;4;BARBACOAS
Dacnis venusta;HISTORICAL;2;BARBACOAS
Dendrocincla fuliginosa;HISTORICAL;1;BARBACOAS
Discosura conversii;HISTORICAL;7;BARBACOAS
Dryobates kirkii;HISTORICAL;6;BARBACOAS
Dysithamnus puncticeps;HISTORICAL;8;BARBACOAS
Elaenia flavogaster;HISTORICAL;2;BARBACOAS
Epinecrophylla fulviventris;HISTORICAL;3;BARBACOAS
Euphonia fulvicrissa;HISTORICAL;2;BARBACOAS
Euphonia minuta;HISTORICAL;1;BARBACOAS
Euphonia xanthogaster;HISTORICAL;2;BARBACOAS
Florisuga mellivora;HISTORICAL;8;BARBACOAS
Galbula ruficauda;HISTORICAL;5;BARBACOAS
Glaucis aeneus;HISTORICAL;2;BARBACOAS
Glyphorynchus spirurus;HISTORICAL;4;BARBACOAS
Gymnopithys bicolor;HISTORICAL;11;BARBACOAS
Hafferia zeledoni;HISTORICAL;9;BARBACOAS
Heliornis fulica;HISTORICAL;1;BARBACOAS
Heliothryx barroti;HISTORICAL;2;BARBACOAS
Henicorhina leucosticta;HISTORICAL;3;BARBACOAS
Herpetotheres cachinnans;HISTORICAL;1;BARBACOAS
Hylopezus perspicillatus;HISTORICAL;1;BARBACOAS
Hylophylax naevioides;HISTORICAL;8;BARBACOAS
Laterallus albigularis;HISTORICAL;3;BARBACOAS
Lepidocolaptes souleyetii;HISTORICAL;5;BARBACOAS
Lepidothrix coronata;HISTORICAL;12;BARBACOAS
Leptotila pallida;HISTORICAL;1;BARBACOAS
Leptotrygon veraguensis;HISTORICAL;3;BARBACOAS
Lipaugus unirufus;HISTORICAL;2;BARBACOAS
Lophotriccus pileatus;HISTORICAL;1;BARBACOAS
Malacoptila panamensis;HISTORICAL;6;BARBACOAS
Manacus manacus;HISTORICAL;26;BARBACOAS
Melanerpes pucherani;HISTORICAL;6;BARBACOAS
Microbates cinereiventris;HISTORICAL;5;BARBACOAS
Microcerculus marginatus;HISTORICAL;7;BARBACOAS
Mionectes olivaceus;HISTORICAL;6;BARBACOAS
Mitrospingus cassinii;HISTORICAL;13;BARBACOAS
Molothrus bonariensis;HISTORICAL;2;BARBACOAS
Mustelirallus colombianus;HISTORICAL;3;BARBACOAS
Myiobius barbatus;HISTORICAL;5;BARBACOAS
Myiornis atricapillus;HISTORICAL;1;BARBACOAS
Myiothlypis fulvicauda;HISTORICAL;5;BARBACOAS
Myiozetetes cayanensis;HISTORICAL;1;BARBACOAS
Myiozetetes granadensis;HISTORICAL;1;BARBACOAS
Myrmothera dives;HISTORICAL;5;BARBACOAS
Myrmotherula axillaris;HISTORICAL;2;BARBACOAS
Myrmotherula pacifica;HISTORICAL;3;BARBACOAS
Notharchus pectoralis;HISTORICAL;9;BARBACOAS
Notharchus tectus;HISTORICAL;4;BARBACOAS
Nyctidromus albicollis;HISTORICAL;1;BARBACOAS
Nyctiphrynus rosenbergi;HISTORICAL;2;BARBACOAS
Nystalus radiatus;HISTORICAL;2;BARBACOAS
Pachyramphus cinnamomeus;HISTORICAL;11;BARBACOAS
Phaenostictus mcleannani;HISTORICAL;2;BARBACOAS
Phaethornis striigularis;HISTORICAL;7;BARBACOAS
Phaethornis yaruqui;HISTORICAL;4;BARBACOAS
Philodice mitchellii;HISTORICAL;3;BARBACOAS
Piaya cayana;HISTORICAL;2;BARBACOAS
Picumnus olivaceus;HISTORICAL;1;BARBACOAS
Pionus menstruus;HISTORICAL;4;BARBACOAS
Pittasoma rufopileatum;HISTORICAL;8;BARBACOAS
Poliocrania exsul;HISTORICAL;15;BARBACOAS
Polyerata rosenbergi;HISTORICAL;12;BARBACOAS
Psarocolius wagleri;HISTORICAL;5;BARBACOAS
Pyrilia pulchra;HISTORICAL;5;BARBACOAS
Querula purpurata;HISTORICAL;8;BARBACOAS
Ramphastos ambiguus;HISTORICAL;4;BARBACOAS
Ramphocelus flammigerus;HISTORICAL;6;BARBACOAS
Rhynchocyclus pacificus;HISTORICAL;2;BARBACOAS
Rhynchortyx cinctus;HISTORICAL;2;BARBACOAS
Saltator atripennis;HISTORICAL;1;BARBACOAS
Saltator grossus;HISTORICAL;10;BARBACOAS
Saltator maximus;HISTORICAL;5;BARBACOAS
Sapayoa aenigma;HISTORICAL;5;BARBACOAS
Schiffornis veraepacis;HISTORICAL;1;BARBACOAS
Setophaga petechia;HISTORICAL;2;BARBACOAS
Setophaga ruticilla;HISTORICAL;1;BARBACOAS
Sipia berlepschi;HISTORICAL;16;BARBACOAS
Sporophila corvina;HISTORICAL;6;BARBACOAS
Sporophila nigricollis;HISTORICAL;4;BARBACOAS
Stelgidopteryx ruficollis;HISTORICAL;3;BARBACOAS
Stilpnia larvata;HISTORICAL;5;BARBACOAS
Synallaxis brachyura;HISTORICAL;6;BARBACOAS
Tachyphonus delatrii;HISTORICAL;10;BARBACOAS
Taraba major;HISTORICAL;11;BARBACOAS
Thamnistes anabatinus;HISTORICAL;1;BARBACOAS
Thamnophilus atrinucha;HISTORICAL;12;BARBACOAS
Thraupis episcopus;HISTORICAL;2;BARBACOAS
Threnetes ruckeri;HISTORICAL;4;BARBACOAS
Tityra semifasciata;HISTORICAL;1;BARBACOAS
Todirostrum cinereum;HISTORICAL;4;BARBACOAS
Tringa flavipes;HISTORICAL;1;BARBACOAS
Trogon caligatus;HISTORICAL;1;BARBACOAS
Trogon chionurus;HISTORICAL;7;BARBACOAS
Trogon massena;HISTORICAL;2;BARBACOAS
Trogon rufus;HISTORICAL;10;BARBACOAS
Tyrannulus elatus;HISTORICAL;5;BARBACOAS
Volatinia jacarina;HISTORICAL;1;BARBACOAS
Xenops minutus;HISTORICAL;1;BARBACOAS
Xiphorhynchus erythropygius;HISTORICAL;4;BARBACOAS
Xiphorhynchus lachrymosus;HISTORICAL;4;BARBACOAS
Actitis macularius;MODERN;6;BARBACOAS
Amazilia tzacatl;MODERN;16;BARBACOAS
Androdon aequatorialis;MODERN;12;BARBACOAS
Arremon aurantiirostris;MODERN;5;BARBACOAS
Automolus subulatus;MODERN;3;BARBACOAS
Baryphthengus martii;MODERN;12;BARBACOAS
Butorides striata;MODERN;1;BARBACOAS
Cacicus uropygialis;MODERN;16;BARBACOAS
Cantorchilus nigricapillus;MODERN;11;BARBACOAS
Capito quinticolor;MODERN;10;BARBACOAS
Celeus loricatus;MODERN;9;BARBACOAS
Ceratopipra mentalis;MODERN;46;BARBACOAS
Cercomacroides tyrannina;MODERN;4;BARBACOAS
Chloroceryle americana;MODERN;1;BARBACOAS
Chlorophanes spiza;MODERN;1;BARBACOAS
Chlorothraupis olivacea;MODERN;3;BARBACOAS
Colonia colonus;MODERN;8;BARBACOAS
Cotinga nattererii;MODERN;1;BARBACOAS
Crotophaga ani;MODERN;4;BARBACOAS
Cryptopipo holochlora;MODERN;2;BARBACOAS
Cyanerpes cyaneus;MODERN;2;BARBACOAS
Dacnis cayana;MODERN;4;BARBACOAS
Dacnis venusta;MODERN;5;BARBACOAS
Dendrocincla fuliginosa;MODERN;4;BARBACOAS
Dysithamnus puncticeps;MODERN;4;BARBACOAS
Elaenia flavogaster;MODERN;12;BARBACOAS
Epinecrophylla fulviventris;MODERN;12;BARBACOAS
Euphonia fulvicrissa;MODERN;3;BARBACOAS
Euphonia minuta;MODERN;2;BARBACOAS
Florisuga mellivora;MODERN;8;BARBACOAS
Galbula ruficauda;MODERN;1;BARBACOAS
Glaucis aeneus;MODERN;12;BARBACOAS
Glyphorynchus spirurus;MODERN;16;BARBACOAS
Gymnopithys bicolor;MODERN;19;BARBACOAS
Heliothryx barroti;MODERN;3;BARBACOAS
Henicorhina leucosticta;MODERN;9;BARBACOAS
Herpetotheres cachinnans;MODERN;2;BARBACOAS
Hylophylax naevioides;MODERN;13;BARBACOAS
Laterallus albigularis;MODERN;1;BARBACOAS
Lepidocolaptes souleyetii;MODERN;1;BARBACOAS
Lepidothrix coronata;MODERN;61;BARBACOAS
Leptotila pallida;MODERN;1;BARBACOAS
Lophotriccus pileatus;MODERN;1;BARBACOAS
Malacoptila panamensis;MODERN;12;BARBACOAS
Manacus manacus;MODERN;96;BARBACOAS
Melanerpes pucherani;MODERN;4;BARBACOAS
Microbates cinereiventris;MODERN;16;BARBACOAS
Microcerculus marginatus;MODERN;17;BARBACOAS
Mionectes olivaceus;MODERN;25;BARBACOAS
Mitrospingus cassinii;MODERN;2;BARBACOAS
Molothrus bonariensis;MODERN;6;BARBACOAS
Myiobius barbatus;MODERN;14;BARBACOAS
Myiornis atricapillus;MODERN;10;BARBACOAS
Myiothlypis fulvicauda;MODERN;6;BARBACOAS
Myiozetetes cayanensis;MODERN;36;BARBACOAS
Myiozetetes granadensis;MODERN;1;BARBACOAS
Myrmotherula axillaris;MODERN;21;BARBACOAS
Myrmotherula pacifica;MODERN;27;BARBACOAS
Notharchus pectoralis;MODERN;17;BARBACOAS
Notharchus tectus;MODERN;1;BARBACOAS
Nyctidromus albicollis;MODERN;1;BARBACOAS
Pachyramphus cinnamomeus;MODERN;5;BARBACOAS
Phaenostictus mcleannani;MODERN;13;BARBACOAS
Phaethornis striigularis;MODERN;13;BARBACOAS
Phaethornis yaruqui;MODERN;28;BARBACOAS
Piaya cayana;MODERN;1;BARBACOAS
Pionus menstruus;MODERN;36;BARBACOAS
Poliocrania exsul;MODERN;80;BARBACOAS
Polyerata rosenbergi;MODERN;18;BARBACOAS
Psarocolius wagleri;MODERN;5;BARBACOAS
Pyrilia pulchra;MODERN;2;BARBACOAS
Querula purpurata;MODERN;44;BARBACOAS
Ramphastos ambiguus;MODERN;18;BARBACOAS
Ramphocelus flammigerus;MODERN;54;BARBACOAS
Rhynchocyclus pacificus;MODERN;5;BARBACOAS
Rhynchortyx cinctus;MODERN;2;BARBACOAS
Saltator atripennis;MODERN;1;BARBACOAS
Saltator grossus;MODERN;4;BARBACOAS
Saltator maximus;MODERN;14;BARBACOAS
Sapayoa aenigma;MODERN;5;BARBACOAS
Setophaga petechia;MODERN;12;BARBACOAS
Sipia berlepschi;MODERN;13;BARBACOAS
Sporophila corvina;MODERN;25;BARBACOAS
Sporophila nigricollis;MODERN;11;BARBACOAS
Stelgidopteryx ruficollis;MODERN;4;BARBACOAS
Stilpnia larvata;MODERN;27;BARBACOAS
Tachyphonus delatrii;MODERN;69;BARBACOAS
Taraba major;MODERN;4;BARBACOAS
Thamnophilus atrinucha;MODERN;88;BARBACOAS
Thraupis episcopus;MODERN;33;BARBACOAS
Threnetes ruckeri;MODERN;13;BARBACOAS
Tityra semifasciata;MODERN;1;BARBACOAS
Todirostrum cinereum;MODERN;3;BARBACOAS
Trogon caligatus;MODERN;1;BARBACOAS
Trogon chionurus;MODERN;30;BARBACOAS
Trogon massena;MODERN;1;BARBACOAS
Trogon rufus;MODERN;2;BARBACOAS
Tyrannulus elatus;MODERN;13;BARBACOAS
Volatinia jacarina;MODERN;14;BARBACOAS
Xenops minutus;MODERN;9;BARBACOAS
Xiphorhynchus lachrymosus;MODERN;1;BARBACOAS
Aburria aburri;HISTORICAL;4;SAN AGUSTIN
Aglaiocercus kingii;HISTORICAL;26;SAN AGUSTIN
Amazona mercenarius;HISTORICAL;4;SAN AGUSTIN
Anabacerthia striaticollis;HISTORICAL;12;SAN AGUSTIN
Anisognathus somptuosus;HISTORICAL;16;SAN AGUSTIN
Arremon brunneinucha;HISTORICAL;4;SAN AGUSTIN
Atlapetes albinucha;HISTORICAL;6;SAN AGUSTIN
Atlapetes fuscoolivaceus;HISTORICAL;8;SAN AGUSTIN
Aulacorhynchus albivitta;HISTORICAL;3;SAN AGUSTIN
Basileuterus tristriatus;HISTORICAL;11;SAN AGUSTIN
Butorides striata;HISTORICAL;1;SAN AGUSTIN
Campephilus melanoleucos;HISTORICAL;2;SAN AGUSTIN
Campylopterus falcatus;HISTORICAL;1;SAN AGUSTIN
Cardellina canadensis;HISTORICAL;2;SAN AGUSTIN
Catharus maculatus;HISTORICAL;10;SAN AGUSTIN
Chaetocercus heliodor;HISTORICAL;1;SAN AGUSTIN
Chalcothraupis ruficervix;HISTORICAL;2;SAN AGUSTIN
Chalybura buffonii;HISTORICAL;7;SAN AGUSTIN
Chamaepetes goudotii;HISTORICAL;3;SAN AGUSTIN
Chamaeza turdina;HISTORICAL;2;SAN AGUSTIN
Chlorochrysa calliparaea;HISTORICAL;3;SAN AGUSTIN
Chlorophanes spiza;HISTORICAL;1;SAN AGUSTIN
Chlorospingus canigularis;HISTORICAL;2;SAN AGUSTIN
Chlorospingus flavigularis;HISTORICAL;2;SAN AGUSTIN
Chlorospingus flavopectus;HISTORICAL;1;SAN AGUSTIN
Chlorostilbon melanorhynchus;HISTORICAL;6;SAN AGUSTIN
Chrysuronia goudoti;HISTORICAL;1;SAN AGUSTIN
Cinclus leucocephalus;HISTORICAL;2;SAN AGUSTIN
Coeligena coeligena;HISTORICAL;2;SAN AGUSTIN
Coereba flaveola;HISTORICAL;6;SAN AGUSTIN
Colaptes rubiginosus;HISTORICAL;1;SAN AGUSTIN
Conopophaga castaneiceps;HISTORICAL;5;SAN AGUSTIN
Contopus fumigatus;HISTORICAL;6;SAN AGUSTIN
Contopus sordidulus;HISTORICAL;1;SAN AGUSTIN
Contopus virens;HISTORICAL;1;SAN AGUSTIN
Cranioleuca curtata;HISTORICAL;2;SAN AGUSTIN
Creurgops verticalis;HISTORICAL;12;SAN AGUSTIN
Crotophaga ani;HISTORICAL;1;SAN AGUSTIN
Cyanocorax yncas;HISTORICAL;7;SAN AGUSTIN
Cyclarhis nigrirostris;HISTORICAL;1;SAN AGUSTIN
Dendrocolaptes picumnus;HISTORICAL;3;SAN AGUSTIN
Diglossa sittoides;HISTORICAL;3;SAN AGUSTIN
Dolichonyx oryzivorus;HISTORICAL;1;SAN AGUSTIN
Dryobates fumigatus;HISTORICAL;3;SAN AGUSTIN
Dysithamnus mentalis;HISTORICAL;6;SAN AGUSTIN
Elaenia chiriquensis;HISTORICAL;12;SAN AGUSTIN
Elaenia flavogaster;HISTORICAL;1;SAN AGUSTIN
Eubucco bourcierii;HISTORICAL;3;SAN AGUSTIN
Euphonia xanthogaster;HISTORICAL;2;SAN AGUSTIN
Falco rufigularis;HISTORICAL;2;SAN AGUSTIN
Grallaria hypoleuca;HISTORICAL;3;SAN AGUSTIN
Haplophaedia aureliae;HISTORICAL;10;SAN AGUSTIN
Heliodoxa leadbeateri;HISTORICAL;24;SAN AGUSTIN
Heliomaster longirostris;HISTORICAL;1;SAN AGUSTIN
Hemithraupis guira;HISTORICAL;1;SAN AGUSTIN
Henicorhina leucophrys;HISTORICAL;9;SAN AGUSTIN
Icterus chrysater;HISTORICAL;1;SAN AGUSTIN
Ixothraupis xanthogastra;HISTORICAL;6;SAN AGUSTIN
Knipolegus poecilurus;HISTORICAL;4;SAN AGUSTIN
Lepidocolaptes lacrymiger;HISTORICAL;9;SAN AGUSTIN
Leptopogon rufipectus;HISTORICAL;13;SAN AGUSTIN
Leptopogon superciliaris;HISTORICAL;3;SAN AGUSTIN
Leptotila verreauxi;HISTORICAL;2;SAN AGUSTIN
Lophotriccus pileatus;HISTORICAL;3;SAN AGUSTIN
Masius chrysopterus;HISTORICAL;5;SAN AGUSTIN
Melanerpes formicivorus;HISTORICAL;4;SAN AGUSTIN
Milvago chimachima;HISTORICAL;1;SAN AGUSTIN
Mimus gilvus;HISTORICAL;1;SAN AGUSTIN
Mionectes striaticollis;HISTORICAL;9;SAN AGUSTIN
Molothrus bonariensis;HISTORICAL;2;SAN AGUSTIN
Momotus aequatorialis;HISTORICAL;4;SAN AGUSTIN
Myadestes ralloides;HISTORICAL;1;SAN AGUSTIN
Myiarchus cephalotes;HISTORICAL;3;SAN AGUSTIN
Myioborus miniatus;HISTORICAL;13;SAN AGUSTIN
Myiodynastes chrysocephalus;HISTORICAL;7;SAN AGUSTIN
Myiothlypis coronata;HISTORICAL;1;SAN AGUSTIN
Myiozetetes cayanensis;HISTORICAL;3;SAN AGUSTIN
Myrmotherula schisticolor;HISTORICAL;8;SAN AGUSTIN
Nyctidromus albicollis;HISTORICAL;2;SAN AGUSTIN
Ochthoeca cinnamomeiventris;HISTORICAL;6;SAN AGUSTIN
Ocreatus underwoodii;HISTORICAL;6;SAN AGUSTIN
Odontorchilus branickii;HISTORICAL;1;SAN AGUSTIN
Ortalis columbiana;HISTORICAL;7;SAN AGUSTIN
Orthopsittaca manilatus;HISTORICAL;2;SAN AGUSTIN
Pachysylvia semibrunnea;HISTORICAL;2;SAN AGUSTIN
Parkesia noveboracensis;HISTORICAL;1;SAN AGUSTIN
Patagioenas fasciata;HISTORICAL;1;SAN AGUSTIN
Penelope montagnii;HISTORICAL;1;SAN AGUSTIN
Pheugopedius mystacalis;HISTORICAL;2;SAN AGUSTIN
Phyllomyias plumbeiceps;HISTORICAL;2;SAN AGUSTIN
Phylloscartes poecilotis;HISTORICAL;1;SAN AGUSTIN
Piaya cayana;HISTORICAL;5;SAN AGUSTIN
Picumnus olivaceus;HISTORICAL;6;SAN AGUSTIN
Pionus chalcopterus;HISTORICAL;6;SAN AGUSTIN
Pipreola lubomirskii;HISTORICAL;1;SAN AGUSTIN
Platyrinchus flavigularis;HISTORICAL;5;SAN AGUSTIN
Platyrinchus mystaceus;HISTORICAL;1;SAN AGUSTIN
Poecilotriccus ruficeps;HISTORICAL;3;SAN AGUSTIN
Premnoplex brunnescens;HISTORICAL;2;SAN AGUSTIN
Premnornis guttuliger;HISTORICAL;3;SAN AGUSTIN
Psarocolius decumanus;HISTORICAL;2;SAN AGUSTIN
Pseudocolaptes boissonneautii;HISTORICAL;1;SAN AGUSTIN
Pygochelidon cyanoleuca;HISTORICAL;1;SAN AGUSTIN
Pyriglena leuconota;HISTORICAL;15;SAN AGUSTIN
Pyroderus scutatus;HISTORICAL;2;SAN AGUSTIN
Pyrrhomyias cinnamomeus;HISTORICAL;12;SAN AGUSTIN
Pyrrhura melanura;HISTORICAL;3;SAN AGUSTIN
Ramphastos ambiguus;HISTORICAL;5;SAN AGUSTIN
Ramphocelus dimidiatus;HISTORICAL;6;SAN AGUSTIN
Rhynchocyclus fulvipectus;HISTORICAL;1;SAN AGUSTIN
Rupicola peruvianus;HISTORICAL;81;SAN AGUSTIN
Rupornis magnirostris;HISTORICAL;1;SAN AGUSTIN
Saltator striatipectus;HISTORICAL;11;SAN AGUSTIN
Sayornis nigricans;HISTORICAL;1;SAN AGUSTIN
Scytalopus atratus;HISTORICAL;2;SAN AGUSTIN
Scytalopus micropterus;HISTORICAL;6;SAN AGUSTIN
Serpophaga cinerea;HISTORICAL;3;SAN AGUSTIN
Setophaga fusca;HISTORICAL;2;SAN AGUSTIN
Setophaga petechia;HISTORICAL;1;SAN AGUSTIN
Setophaga pitiayumi;HISTORICAL;1;SAN AGUSTIN
Siptornis striaticollis;HISTORICAL;1;SAN AGUSTIN
Spinus psaltria;HISTORICAL;5;SAN AGUSTIN
Sporophila intermedia;HISTORICAL;1;SAN AGUSTIN
Sporophila minuta;HISTORICAL;1;SAN AGUSTIN
Sporophila nigricollis;HISTORICAL;5;SAN AGUSTIN
Stilpnia cyanicollis;HISTORICAL;26;SAN AGUSTIN
Stilpnia heinei;HISTORICAL;4;SAN AGUSTIN
Stilpnia larvata;HISTORICAL;1;SAN AGUSTIN
Stilpnia vitriolina;HISTORICAL;19;SAN AGUSTIN
Synallaxis azarae;HISTORICAL;8;SAN AGUSTIN
Synallaxis brachyura;HISTORICAL;2;SAN AGUSTIN
Syndactyla subalaris;HISTORICAL;2;SAN AGUSTIN
Tachyphonus rufus;HISTORICAL;10;SAN AGUSTIN
Tangara arthus;HISTORICAL;4;SAN AGUSTIN
Tangara inornata;HISTORICAL;1;SAN AGUSTIN
Tangara labradorides;HISTORICAL;5;SAN AGUSTIN
Tangara parzudakii;HISTORICAL;1;SAN AGUSTIN
Thalurania colombica;HISTORICAL;28;SAN AGUSTIN
Thamnophilus multistriatus;HISTORICAL;6;SAN AGUSTIN
Thamnophilus unicolor;HISTORICAL;10;SAN AGUSTIN
Tiaris olivaceus;HISTORICAL;7;SAN AGUSTIN
Tringa solitaria;HISTORICAL;1;SAN AGUSTIN
Troglodytes solstitialis;HISTORICAL;1;SAN AGUSTIN
Trogon collaris;HISTORICAL;3;SAN AGUSTIN
Turdus ignobilis;HISTORICAL;8;SAN AGUSTIN
Turdus leucops;HISTORICAL;2;SAN AGUSTIN
Tyrannus melancholicus;HISTORICAL;2;SAN AGUSTIN
Tyrannus tyrannus;HISTORICAL;1;SAN AGUSTIN
Uranomitra franciae;HISTORICAL;5;SAN AGUSTIN
Vireo leucophrys;HISTORICAL;8;SAN AGUSTIN
Xenops rutilans;HISTORICAL;1;SAN AGUSTIN
Xiphocolaptes promeropirhynchus;HISTORICAL;4;SAN AGUSTIN
Xiphorhynchus triangularis;HISTORICAL;25;SAN AGUSTIN
Zimmerius chrysops;HISTORICAL;3;SAN AGUSTIN
Zonotrichia capensis;HISTORICAL;6;SAN AGUSTIN
Aburria aburri;MODERN;1;SAN AGUSTIN
Aglaiocercus kingii;MODERN;6;SAN AGUSTIN
Amazona mercenarius;MODERN;1;SAN AGUSTIN
Anabacerthia striaticollis;MODERN;1;SAN AGUSTIN
Anisognathus somptuosus;MODERN;6;SAN AGUSTIN
Arremon brunneinucha;MODERN;17;SAN AGUSTIN
Atlapetes albinucha;MODERN;1;SAN AGUSTIN
Atlapetes fuscoolivaceus;MODERN;24;SAN AGUSTIN
Aulacorhynchus albivitta;MODERN;10;SAN AGUSTIN
Basileuterus tristriatus;MODERN;21;SAN AGUSTIN
Butorides striata;MODERN;1;SAN AGUSTIN
Campephilus melanoleucos;MODERN;1;SAN AGUSTIN
Campylopterus falcatus;MODERN;1;SAN AGUSTIN
Cardellina canadensis;MODERN;1;SAN AGUSTIN
Chaetocercus heliodor;MODERN;1;SAN AGUSTIN
Chalcothraupis ruficervix;MODERN;1;SAN AGUSTIN
Chalybura buffonii;MODERN;2;SAN AGUSTIN
Chamaepetes goudotii;MODERN;1;SAN AGUSTIN
Chamaeza turdina;MODERN;4;SAN AGUSTIN
Chlorochrysa calliparaea;MODERN;1;SAN AGUSTIN
Chlorophanes spiza;MODERN;5;SAN AGUSTIN
Chlorospingus canigularis;MODERN;1;SAN AGUSTIN
Chlorospingus flavigularis;MODERN;1;SAN AGUSTIN
Chlorospingus flavopectus;MODERN;3;SAN AGUSTIN
Chlorostilbon melanorhynchus;MODERN;1;SAN AGUSTIN
Chrysuronia goudoti;MODERN;1;SAN AGUSTIN
Cinclus leucocephalus;MODERN;1;SAN AGUSTIN
Coeligena coeligena;MODERN;12;SAN AGUSTIN
Coereba flaveola;MODERN;17;SAN AGUSTIN
Colaptes rubiginosus;MODERN;1;SAN AGUSTIN
Contopus fumigatus;MODERN;2;SAN AGUSTIN
Contopus sordidulus;MODERN;1;SAN AGUSTIN
Contopus virens;MODERN;1;SAN AGUSTIN
Cranioleuca curtata;MODERN;5;SAN AGUSTIN
Creurgops verticalis;MODERN;1;SAN AGUSTIN
Crotophaga ani;MODERN;3;SAN AGUSTIN
Cyanocorax yncas;MODERN;75;SAN AGUSTIN
Cyclarhis nigrirostris;MODERN;2;SAN AGUSTIN
Dendrocolaptes picumnus;MODERN;1;SAN AGUSTIN
Diglossa sittoides;MODERN;6;SAN AGUSTIN
Dryobates fumigatus;MODERN;3;SAN AGUSTIN
Dysithamnus mentalis;MODERN;20;SAN AGUSTIN
Elaenia chiriquensis;MODERN;4;SAN AGUSTIN
Elaenia flavogaster;MODERN;3;SAN AGUSTIN
Eubucco bourcierii;MODERN;1;SAN AGUSTIN
Euphonia xanthogaster;MODERN;11;SAN AGUSTIN
Falco rufigularis;MODERN;1;SAN AGUSTIN
Grallaria hypoleuca;MODERN;5;SAN AGUSTIN
Haplophaedia aureliae;MODERN;12;SAN AGUSTIN
Heliodoxa leadbeateri;MODERN;10;SAN AGUSTIN
Hemithraupis guira;MODERN;1;SAN AGUSTIN
Henicorhina leucophrys;MODERN;67;SAN AGUSTIN
Icterus chrysater;MODERN;20;SAN AGUSTIN
Knipolegus poecilurus;MODERN;18;SAN AGUSTIN
Lepidocolaptes lacrymiger;MODERN;3;SAN AGUSTIN
Leptopogon rufipectus;MODERN;1;SAN AGUSTIN
Leptopogon superciliaris;MODERN;5;SAN AGUSTIN
Leptotila verreauxi;MODERN;21;SAN AGUSTIN
Lophotriccus pileatus;MODERN;1;SAN AGUSTIN
Masius chrysopterus;MODERN;10;SAN AGUSTIN
Melanerpes formicivorus;MODERN;6;SAN AGUSTIN
Milvago chimachima;MODERN;3;SAN AGUSTIN
Mimus gilvus;MODERN;2;SAN AGUSTIN
Mionectes striaticollis;MODERN;16;SAN AGUSTIN
Molothrus bonariensis;MODERN;6;SAN AGUSTIN
Momotus aequatorialis;MODERN;11;SAN AGUSTIN
Myadestes ralloides;MODERN;33;SAN AGUSTIN
Myiarchus cephalotes;MODERN;4;SAN AGUSTIN
Myioborus miniatus;MODERN;40;SAN AGUSTIN
Myiodynastes chrysocephalus;MODERN;3;SAN AGUSTIN
Myiothlypis coronata;MODERN;14;SAN AGUSTIN
Myiozetetes cayanensis;MODERN;8;SAN AGUSTIN
Nyctidromus albicollis;MODERN;3;SAN AGUSTIN
Ochthoeca cinnamomeiventris;MODERN;1;SAN AGUSTIN
Ocreatus underwoodii;MODERN;23;SAN AGUSTIN
Ortalis columbiana;MODERN;76;SAN AGUSTIN
Pachysylvia semibrunnea;MODERN;1;SAN AGUSTIN
Patagioenas fasciata;MODERN;23;SAN AGUSTIN
Penelope montagnii;MODERN;1;SAN AGUSTIN
Pheugopedius mystacalis;MODERN;30;SAN AGUSTIN
Phyllomyias plumbeiceps;MODERN;1;SAN AGUSTIN
Phylloscartes poecilotis;MODERN;2;SAN AGUSTIN
Piaya cayana;MODERN;7;SAN AGUSTIN
Picumnus olivaceus;MODERN;3;SAN AGUSTIN
Pionus chalcopterus;MODERN;22;SAN AGUSTIN
Pipreola lubomirskii;MODERN;1;SAN AGUSTIN
Platyrinchus mystaceus;MODERN;2;SAN AGUSTIN
Poecilotriccus ruficeps;MODERN;1;SAN AGUSTIN
Premnoplex brunnescens;MODERN;11;SAN AGUSTIN
Premnornis guttuliger;MODERN;10;SAN AGUSTIN
Psarocolius decumanus;MODERN;1;SAN AGUSTIN
Pseudocolaptes boissonneautii;MODERN;1;SAN AGUSTIN
Pygochelidon cyanoleuca;MODERN;29;SAN AGUSTIN
Pyriglena leuconota;MODERN;2;SAN AGUSTIN
Pyroderus scutatus;MODERN;1;SAN AGUSTIN
Pyrrhomyias cinnamomeus;MODERN;13;SAN AGUSTIN
Pyrrhura melanura;MODERN;2;SAN AGUSTIN
Ramphocelus dimidiatus;MODERN;11;SAN AGUSTIN
Rhynchocyclus fulvipectus;MODERN;1;SAN AGUSTIN
Rupicola peruvianus;MODERN;2;SAN AGUSTIN
Rupornis magnirostris;MODERN;16;SAN AGUSTIN
Saltator striatipectus;MODERN;13;SAN AGUSTIN
Sayornis nigricans;MODERN;1;SAN AGUSTIN
Scytalopus atratus;MODERN;1;SAN AGUSTIN
Scytalopus micropterus;MODERN;2;SAN AGUSTIN
Serpophaga cinerea;MODERN;1;SAN AGUSTIN
Setophaga fusca;MODERN;1;SAN AGUSTIN
Setophaga petechia;MODERN;1;SAN AGUSTIN
Setophaga pitiayumi;MODERN;3;SAN AGUSTIN
Siptornis striaticollis;MODERN;1;SAN AGUSTIN
Spinus psaltria;MODERN;6;SAN AGUSTIN
Sporophila intermedia;MODERN;1;SAN AGUSTIN
Sporophila minuta;MODERN;4;SAN AGUSTIN
Sporophila nigricollis;MODERN;22;SAN AGUSTIN
Stilpnia cyanicollis;MODERN;19;SAN AGUSTIN
Stilpnia heinei;MODERN;1;SAN AGUSTIN
Stilpnia vitriolina;MODERN;24;SAN AGUSTIN
Synallaxis azarae;MODERN;31;SAN AGUSTIN
Synallaxis brachyura;MODERN;18;SAN AGUSTIN
Syndactyla subalaris;MODERN;3;SAN AGUSTIN
Tachyphonus rufus;MODERN;6;SAN AGUSTIN
Tangara arthus;MODERN;1;SAN AGUSTIN
Tangara labradorides;MODERN;4;SAN AGUSTIN
Tangara parzudakii;MODERN;2;SAN AGUSTIN
Thalurania colombica;MODERN;6;SAN AGUSTIN
Thamnophilus multistriatus;MODERN;9;SAN AGUSTIN
Thamnophilus unicolor;MODERN;4;SAN AGUSTIN
Tiaris olivaceus;MODERN;67;SAN AGUSTIN
Tringa solitaria;MODERN;1;SAN AGUSTIN
Troglodytes solstitialis;MODERN;1;SAN AGUSTIN
Trogon collaris;MODERN;1;SAN AGUSTIN
Turdus ignobilis;MODERN;46;SAN AGUSTIN
Turdus leucops;MODERN;1;SAN AGUSTIN
Tyrannus melancholicus;MODERN;37;SAN AGUSTIN
Tyrannus tyrannus;MODERN;1;SAN AGUSTIN
Uranomitra franciae;MODERN;8;SAN AGUSTIN
Vireo leucophrys;MODERN;30;SAN AGUSTIN
Xenops rutilans;MODERN;2;SAN AGUSTIN
Xiphocolaptes promeropirhynchus;MODERN;1;SAN AGUSTIN
Xiphorhynchus triangularis;MODERN;1;SAN AGUSTIN
Zimmerius chrysops;MODERN;48;SAN AGUSTIN
Zonotrichia capensis;MODERN;91;SAN AGUSTIN
Acropternis orthonyx;HISTORICAL;2;TOCHE
Adelomyia melanogenys;HISTORICAL;2;TOCHE
Amazona mercenarius;HISTORICAL;2;TOCHE
Amblycercus holosericeus;HISTORICAL;1;TOCHE
Ampelion rubrocristatus;HISTORICAL;6;TOCHE
Andigena hypoglauca;HISTORICAL;2;TOCHE
Andigena nigrirostris;HISTORICAL;3;TOCHE
Anisognathus lacrymosus;HISTORICAL;14;TOCHE
Anisognathus somptuosus;HISTORICAL;1;TOCHE
Anthocephala berlepschi;HISTORICAL;1;TOCHE
Arremon assimilis;HISTORICAL;8;TOCHE
Asio stygius;HISTORICAL;1;TOCHE
Atlapetes albinucha;HISTORICAL;1;TOCHE
Atlapetes flaviceps;HISTORICAL;2;TOCHE
Atlapetes pallidinucha;HISTORICAL;2;TOCHE
Atlapetes schistaceus;HISTORICAL;11;TOCHE
Boissonneaua flavescens;HISTORICAL;4;TOCHE
Buteo platypterus;HISTORICAL;1;TOCHE
Buthraupis montana;HISTORICAL;2;TOCHE
Cacicus chrysonotus;HISTORICAL;9;TOCHE
Campephilus pollens;HISTORICAL;1;TOCHE
Catamenia homochroa;HISTORICAL;1;TOCHE
Catharus ustulatus;HISTORICAL;1;TOCHE
Chamaepetes goudotii;HISTORICAL;7;TOCHE
Chamaeza mollissima;HISTORICAL;2;TOCHE
Chlorornis riefferii;HISTORICAL;10;TOCHE
Chlorospingus flavopectus;HISTORICAL;9;TOCHE
Chlorostilbon melanorhynchus;HISTORICAL;3;TOCHE
Cinclus leucocephalus;HISTORICAL;2;TOCHE
Cinnycerthia olivascens;HISTORICAL;2;TOCHE
Cinnycerthia unirufa;HISTORICAL;2;TOCHE
Cnemoscopus rubrirostris;HISTORICAL;3;TOCHE
Coeligena coeligena;HISTORICAL;12;TOCHE
Coeligena lutetiae;HISTORICAL;5;TOCHE
Coeligena torquata;HISTORICAL;2;TOCHE
Colaptes rivolii;HISTORICAL;1;TOCHE
Colibri cyanotus;HISTORICAL;9;TOCHE
Conirostrum albifrons;HISTORICAL;1;TOCHE
Conirostrum sitticolor;HISTORICAL;8;TOCHE
Contopus fumigatus;HISTORICAL;1;TOCHE
Cyanolyca armillata;HISTORICAL;11;TOCHE
Cyclarhis nigrirostris;HISTORICAL;1;TOCHE
Dendrocincla tyrannina;HISTORICAL;3;TOCHE
Diglossa albilatera;HISTORICAL;5;TOCHE
Diglossa cyanea;HISTORICAL;10;TOCHE
Diglossa humeralis;HISTORICAL;2;TOCHE
Diglossa sittoides;HISTORICAL;1;TOCHE
Elaenia chiriquensis;HISTORICAL;2;TOCHE
Elaenia frantzii;HISTORICAL;1;TOCHE
Elanoides forficatus;HISTORICAL;1;TOCHE
Ensifera ensifera;HISTORICAL;2;TOCHE
Eriocnemis derbyi;HISTORICAL;19;TOCHE
Falco sparverius;HISTORICAL;2;TOCHE
Grallaria alvarezi;HISTORICAL;4;TOCHE
Grallaria milleri;HISTORICAL;10;TOCHE
Grallaria nuchalis;HISTORICAL;10;TOCHE
Grallaria ruficapilla;HISTORICAL;2;TOCHE
Grallaria rufocinerea;HISTORICAL;4;TOCHE
Grallaria squamigera;HISTORICAL;2;TOCHE
Grallaricula nana;HISTORICAL;1;TOCHE
Hapalopsittaca fuertesi;HISTORICAL;6;TOCHE
Haplophaedia aureliae;HISTORICAL;3;TOCHE
Heliangelus exortis;HISTORICAL;33;TOCHE
Hellmayrea gularis;HISTORICAL;2;TOCHE
Hemitriccus granadensis;HISTORICAL;3;TOCHE
Henicorhina leucophrys;HISTORICAL;6;TOCHE
Kleinothraupis atropileus;HISTORICAL;3;TOCHE
Lafresnaya lafresnayi;HISTORICAL;3;TOCHE
Lepidocolaptes lacrymiger;HISTORICAL;6;TOCHE
Lipaugus fuscocinereus;HISTORICAL;1;TOCHE
Margarornis squamiger;HISTORICAL;5;TOCHE
Mecocerculus leucophrys;HISTORICAL;3;TOCHE
Mecocerculus stictopterus;HISTORICAL;5;TOCHE
Melanerpes formicivorus;HISTORICAL;2;TOCHE
Metallura tyrianthina;HISTORICAL;11;TOCHE
Mionectes striaticollis;HISTORICAL;2;TOCHE
Momotus aequatorialis;HISTORICAL;2;TOCHE
Myiarchus cephalotes;HISTORICAL;3;TOCHE
Myioborus miniatus;HISTORICAL;1;TOCHE
Myioborus ornatus;HISTORICAL;17;TOCHE
Myiodynastes chrysocephalus;HISTORICAL;1;TOCHE
Myiophobus flavicans;HISTORICAL;2;TOCHE
Myiotheretes fumigatus;HISTORICAL;4;TOCHE
Myiothlypis coronata;HISTORICAL;3;TOCHE
Myiothlypis luteoviridis;HISTORICAL;2;TOCHE
Myornis senilis;HISTORICAL;3;TOCHE
Ochthoeca cinnamomeiventris;HISTORICAL;2;TOCHE
Ochthoeca diadema;HISTORICAL;4;TOCHE
Ochthoeca rufipectoralis;HISTORICAL;16;TOCHE
Ognorhynchus icterotis;HISTORICAL;23;TOCHE
Parkesia noveboracensis;HISTORICAL;2;TOCHE
Patagioenas fasciata;HISTORICAL;3;TOCHE
Phylloscartes ophthalmicus;HISTORICAL;1;TOCHE
Picumnus olivaceus;HISTORICAL;2;TOCHE
Pionus chalcopterus;HISTORICAL;2;TOCHE
Pionus tumultuosus;HISTORICAL;1;TOCHE
Pipreola arcuata;HISTORICAL;1;TOCHE
Piranga rubriceps;HISTORICAL;2;TOCHE
Poecilotriccus ruficeps;HISTORICAL;1;TOCHE
Psarocolius angustifrons;HISTORICAL;1;TOCHE
Pseudocolaptes boissonneautii;HISTORICAL;4;TOCHE
Pseudospingus verticalis;HISTORICAL;1;TOCHE
Pygochelidon cyanoleuca;HISTORICAL;2;TOCHE
Pyrrhomyias cinnamomeus;HISTORICAL;2;TOCHE
Ramphomicron microrhynchum;HISTORICAL;3;TOCHE
Saltator striatipectus;HISTORICAL;1;TOCHE
Sayornis nigricans;HISTORICAL;4;TOCHE
Scytalopus atratus;HISTORICAL;1;TOCHE
Scytalopus latrans;HISTORICAL;1;TOCHE
Scytalopus micropterus;HISTORICAL;1;TOCHE
Serpophaga cinerea;HISTORICAL;4;TOCHE
Setophaga fusca;HISTORICAL;1;TOCHE
Sphenopsis frontalis;HISTORICAL;2;TOCHE
Spinus psaltria;HISTORICAL;1;TOCHE
Stelgidopteryx ruficollis;HISTORICAL;2;TOCHE
Streptoprocne zonaris;HISTORICAL;1;TOCHE
Synallaxis azarae;HISTORICAL;4;TOCHE
Systellura longirostris;HISTORICAL;10;TOCHE
Tangara vassorii;HISTORICAL;4;TOCHE
Thlypopsis superciliaris;HISTORICAL;3;TOCHE
Thripadectes flammulatus;HISTORICAL;2;TOCHE
Tiaris olivaceus;HISTORICAL;1;TOCHE
Troglodytes aedon;HISTORICAL;3;TOCHE
Troglodytes solstitialis;HISTORICAL;18;TOCHE
Trogon personatus;HISTORICAL;10;TOCHE
Turdus fuscater;HISTORICAL;16;TOCHE
Turdus ignobilis;HISTORICAL;2;TOCHE
Xenops rutilans;HISTORICAL;2;TOCHE
Xiphocolaptes promeropirhynchus;HISTORICAL;2;TOCHE
Xiphorhynchus triangularis;HISTORICAL;1;TOCHE
Zentrygon frenata;HISTORICAL;1;TOCHE
Zonotrichia capensis;HISTORICAL;9;TOCHE
Acropternis orthonyx;MODERN;6;TOCHE
Adelomyia melanogenys;MODERN;12;TOCHE
Amazona mercenarius;MODERN;2;TOCHE
Amblycercus holosericeus;MODERN;1;TOCHE
Ampelion rubrocristatus;MODERN;11;TOCHE
Andigena hypoglauca;MODERN;5;TOCHE
Andigena nigrirostris;MODERN;22;TOCHE
Anisognathus lacrymosus;MODERN;30;TOCHE
Anisognathus somptuosus;MODERN;15;TOCHE
Anthocephala berlepschi;MODERN;5;TOCHE
Arremon assimilis;MODERN;1;TOCHE
Atlapetes albinucha;MODERN;4;TOCHE
Atlapetes flaviceps;MODERN;10;TOCHE
Atlapetes pallidinucha;MODERN;6;TOCHE
Atlapetes schistaceus;MODERN;28;TOCHE
Boissonneaua flavescens;MODERN;2;TOCHE
Buteo platypterus;MODERN;1;TOCHE
Buthraupis montana;MODERN;40;TOCHE
Cacicus chrysonotus;MODERN;18;TOCHE
Campephilus pollens;MODERN;1;TOCHE
Catamenia homochroa;MODERN;2;TOCHE
Catharus ustulatus;MODERN;1;TOCHE
Chamaepetes goudotii;MODERN;27;TOCHE
Chlorornis riefferii;MODERN;14;TOCHE
Chlorospingus flavopectus;MODERN;8;TOCHE
Chlorostilbon melanorhynchus;MODERN;5;TOCHE
Cinclus leucocephalus;MODERN;1;TOCHE
Cinnycerthia olivascens;MODERN;4;TOCHE
Cinnycerthia unirufa;MODERN;11;TOCHE
Cnemoscopus rubrirostris;MODERN;1;TOCHE
Coeligena coeligena;MODERN;2;TOCHE
Coeligena lutetiae;MODERN;42;TOCHE
Coeligena torquata;MODERN;19;TOCHE
Colaptes rivolii;MODERN;31;TOCHE
Colibri cyanotus;MODERN;79;TOCHE
Conirostrum albifrons;MODERN;14;TOCHE
Conirostrum sitticolor;MODERN;7;TOCHE
Contopus fumigatus;MODERN;8;TOCHE
Cyanolyca armillata;MODERN;24;TOCHE
Cyclarhis nigrirostris;MODERN;4;TOCHE
Dendrocincla tyrannina;MODERN;7;TOCHE
Diglossa albilatera;MODERN;24;TOCHE
Diglossa cyanea;MODERN;39;TOCHE
Diglossa humeralis;MODERN;1;TOCHE
Diglossa sittoides;MODERN;1;TOCHE
Elaenia frantzii;MODERN;23;TOCHE
Elanoides forficatus;MODERN;1;TOCHE
Ensifera ensifera;MODERN;12;TOCHE
Eriocnemis derbyi;MODERN;1;TOCHE
Falco sparverius;MODERN;19;TOCHE
Grallaria milleri;MODERN;3;TOCHE
Grallaria nuchalis;MODERN;38;TOCHE
Grallaria ruficapilla;MODERN;23;TOCHE
Grallaria rufocinerea;MODERN;5;TOCHE
Grallaria squamigera;MODERN;6;TOCHE
Grallaricula nana;MODERN;5;TOCHE
Haplophaedia aureliae;MODERN;1;TOCHE
Heliangelus exortis;MODERN;40;TOCHE
Hellmayrea gularis;MODERN;8;TOCHE
Henicorhina leucophrys;MODERN;63;TOCHE
Kleinothraupis atropileus;MODERN;15;TOCHE
Lafresnaya lafresnayi;MODERN;15;TOCHE
Lepidocolaptes lacrymiger;MODERN;7;TOCHE
Lipaugus fuscocinereus;MODERN;7;TOCHE
Margarornis squamiger;MODERN;12;TOCHE
Mecocerculus leucophrys;MODERN;49;TOCHE
Mecocerculus stictopterus;MODERN;6;TOCHE
Melanerpes formicivorus;MODERN;1;TOCHE
Metallura tyrianthina;MODERN;38;TOCHE
Mionectes striaticollis;MODERN;11;TOCHE
Momotus aequatorialis;MODERN;3;TOCHE
Myiarchus cephalotes;MODERN;19;TOCHE
Myioborus miniatus;MODERN;35;TOCHE
Myioborus ornatus;MODERN;104;TOCHE
Myiodynastes chrysocephalus;MODERN;15;TOCHE
Myiophobus flavicans;MODERN;5;TOCHE
Myiotheretes fumigatus;MODERN;1;TOCHE
Myiothlypis coronata;MODERN;19;TOCHE
Myiothlypis luteoviridis;MODERN;1;TOCHE
Myornis senilis;MODERN;5;TOCHE
Ochthoeca cinnamomeiventris;MODERN;21;TOCHE
Ochthoeca diadema;MODERN;12;TOCHE
Ochthoeca rufipectoralis;MODERN;6;TOCHE
Ognorhynchus icterotis;MODERN;143;TOCHE
Parkesia noveboracensis;MODERN;1;TOCHE
Patagioenas fasciata;MODERN;72;TOCHE
Phylloscartes ophthalmicus;MODERN;5;TOCHE
Picumnus olivaceus;MODERN;1;TOCHE
Pionus chalcopterus;MODERN;12;TOCHE
Pionus tumultuosus;MODERN;70;TOCHE
Pipreola arcuata;MODERN;6;TOCHE
Piranga rubriceps;MODERN;1;TOCHE
Poecilotriccus ruficeps;MODERN;2;TOCHE
Pseudocolaptes boissonneautii;MODERN;1;TOCHE
Pygochelidon cyanoleuca;MODERN;38;TOCHE
Pyrrhomyias cinnamomeus;MODERN;41;TOCHE
Ramphomicron microrhynchum;MODERN;1;TOCHE
Saltator striatipectus;MODERN;1;TOCHE
Sayornis nigricans;MODERN;3;TOCHE
Scytalopus atratus;MODERN;1;TOCHE
Scytalopus latrans;MODERN;18;TOCHE
Serpophaga cinerea;MODERN;4;TOCHE
Setophaga fusca;MODERN;1;TOCHE
Sphenopsis frontalis;MODERN;11;TOCHE
Spinus psaltria;MODERN;1;TOCHE
Stelgidopteryx ruficollis;MODERN;1;TOCHE
Streptoprocne zonaris;MODERN;20;TOCHE
Synallaxis azarae;MODERN;90;TOCHE
Systellura longirostris;MODERN;1;TOCHE
Tangara vassorii;MODERN;35;TOCHE
Thlypopsis superciliaris;MODERN;14;TOCHE
Thripadectes flammulatus;MODERN;1;TOCHE
Tiaris olivaceus;MODERN;6;TOCHE
Troglodytes aedon;MODERN;3;TOCHE
Troglodytes solstitialis;MODERN;9;TOCHE
Trogon personatus;MODERN;8;TOCHE
Turdus fuscater;MODERN;135;TOCHE
Turdus ignobilis;MODERN;10;TOCHE
Xenops rutilans;MODERN;5;TOCHE
Xiphocolaptes promeropirhynchus;MODERN;1;TOCHE
Xiphorhynchus triangularis;MODERN;1;TOCHE
Zentrygon frenata;MODERN;1;TOCHE
Zonotrichia capensis;MODERN;48;TOCHE
Actitis macularius;HISTORICAL;2;HONDA
Adelomyia melanogenys;HISTORICAL;2;HONDA
Amazilia tzacatl;HISTORICAL;1;HONDA
Amazona ochrocephala;HISTORICAL;2;HONDA
Anthracothorax nigricollis;HISTORICAL;1;HONDA
Arremon aurantiirostris;HISTORICAL;1;HONDA
Arremonops conirostris;HISTORICAL;7;HONDA
Atalotriccus pilaris;HISTORICAL;2;HONDA
Automolus ochrolaemus;HISTORICAL;1;HONDA
Baryphthengus martii;HISTORICAL;2;HONDA
Brotogeris jugularis;HISTORICAL;3;HONDA
Butorides striata;HISTORICAL;1;HONDA
Campylorhynchus zonatus;HISTORICAL;2;HONDA
Cantorchilus leucotis;HISTORICAL;2;HONDA
Catharus minimus;HISTORICAL;1;HONDA
Cercomacra nigricans;HISTORICAL;5;HONDA
Chalybura buffonii;HISTORICAL;2;HONDA
Chlorestes julie;HISTORICAL;1;HONDA
Chlorophanes spiza;HISTORICAL;2;HONDA
Chrysuronia goudoti;HISTORICAL;1;HONDA
Coereba flaveola;HISTORICAL;4;HONDA
Colinus cristatus;HISTORICAL;18;HONDA
Colonia colonus;HISTORICAL;3;HONDA
Columbina passerina;HISTORICAL;2;HONDA
Conirostrum leucogenys;HISTORICAL;2;HONDA
Contopus cinereus;HISTORICAL;1;HONDA
Corapipo leucorrhoa;HISTORICAL;2;HONDA
Crotophaga major;HISTORICAL;1;HONDA
Cyanocorax affinis;HISTORICAL;2;HONDA
Cyclarhis gujanensis;HISTORICAL;2;HONDA
Dacnis lineata;HISTORICAL;1;HONDA
Dendrocincla fuliginosa;HISTORICAL;1;HONDA
Dendroplex picus;HISTORICAL;2;HONDA
Donacobius atricapilla;HISTORICAL;1;HONDA
Dryobates kirkii;HISTORICAL;3;HONDA
Dysithamnus mentalis;HISTORICAL;2;HONDA
Elaenia flavogaster;HISTORICAL;3;HONDA
Empidonax traillii;HISTORICAL;4;HONDA
Eucometis penicillata;HISTORICAL;2;HONDA
Euphonia concinna;HISTORICAL;1;HONDA
Euphonia laniirostris;HISTORICAL;5;HONDA
Falco sparverius;HISTORICAL;4;HONDA
Fluvicola pica;HISTORICAL;1;HONDA
Formicivora grisea;HISTORICAL;5;HONDA
Forpus conspicillatus;HISTORICAL;4;HONDA
Galbula ruficauda;HISTORICAL;5;HONDA
Geothlypis philadelphia;HISTORICAL;2;HONDA
Habia cristata;HISTORICAL;2;HONDA
Hafferia immaculata;HISTORICAL;5;HONDA
Heliomaster longirostris;HISTORICAL;1;HONDA
Hemitriccus margaritaceiventer;HISTORICAL;2;HONDA
Henicorhina leucosticta;HISTORICAL;1;HONDA
Icterus auricapillus;HISTORICAL;2;HONDA
Icterus chrysater;HISTORICAL;3;HONDA
Icterus mesomelas;HISTORICAL;1;HONDA
Lepidocolaptes souleyetii;HISTORICAL;3;HONDA
Manacus manacus;HISTORICAL;2;HONDA
Megaceryle torquata;HISTORICAL;1;HONDA
Melanerpes rubricapillus;HISTORICAL;6;HONDA
Melanospiza bicolor;HISTORICAL;3;HONDA
Milvago chimachima;HISTORICAL;1;HONDA
Mimus gilvus;HISTORICAL;1;HONDA
Mionectes oleagineus;HISTORICAL;1;HONDA
Mniotilta varia;HISTORICAL;2;HONDA
Momotus aequatorialis;HISTORICAL;1;HONDA
Momotus subrufescens;HISTORICAL;4;HONDA
Myiarchus apicalis;HISTORICAL;5;HONDA
Myiopagis viridicata;HISTORICAL;3;HONDA
Myiozetetes cayanensis;HISTORICAL;2;HONDA
Myrmeciza longipes;HISTORICAL;4;HONDA
Notharchus hyperrhynchus;HISTORICAL;2;HONDA
Nystalus radiatus;HISTORICAL;1;HONDA
Parkesia noveboracensis;HISTORICAL;1;HONDA
Phaeomyias murina;HISTORICAL;3;HONDA
Pheugopedius fasciatoventris;HISTORICAL;2;HONDA
Picumnus olivaceus;HISTORICAL;3;HONDA
Pionus tumultuosus;HISTORICAL;2;HONDA
Piranga rubra;HISTORICAL;4;HONDA
Pitangus sulphuratus;HISTORICAL;1;HONDA
Poecilotriccus sylvia;HISTORICAL;3;HONDA
Polioptila plumbea;HISTORICAL;2;HONDA
Psittacara wagleri;HISTORICAL;1;HONDA
Pyrocephalus rubinus;HISTORICAL;1;HONDA
Ramphocelus dimidiatus;HISTORICAL;1;HONDA
Saltator striatipectus;HISTORICAL;7;HONDA
Schiffornis stenorhyncha;HISTORICAL;1;HONDA
Setophaga castanea;HISTORICAL;1;HONDA
Setophaga fusca;HISTORICAL;1;HONDA
Setophaga petechia;HISTORICAL;3;HONDA
Setophaga ruticilla;HISTORICAL;3;HONDA
Spinus psaltria;HISTORICAL;2;HONDA
Sporophila crassirostris;HISTORICAL;1;HONDA
Sporophila funerea;HISTORICAL;1;HONDA
Sporophila minuta;HISTORICAL;1;HONDA
Sporophila schistacea;HISTORICAL;1;HONDA
Stilpnia cyanicollis;HISTORICAL;3;HONDA
Stilpnia vitriolina;HISTORICAL;4;HONDA
Streptoprocne zonaris;HISTORICAL;1;HONDA
Tangara gyrola;HISTORICAL;2;HONDA
Taraba major;HISTORICAL;2;HONDA
Thalurania colombica;HISTORICAL;1;HONDA
Thamnophilus atrinucha;HISTORICAL;3;HONDA
Thamnophilus doliatus;HISTORICAL;5;HONDA
Thraupis episcopus;HISTORICAL;3;HONDA
Tiaris olivaceus;HISTORICAL;1;HONDA
Todirostrum cinereum;HISTORICAL;2;HONDA
Troglodytes aedon;HISTORICAL;2;HONDA
Turdus ignobilis;HISTORICAL;4;HONDA
Turdus leucomelas;HISTORICAL;3;HONDA
Tyrannus melancholicus;HISTORICAL;1;HONDA
Volatinia jacarina;HISTORICAL;1;HONDA
Xiphorhynchus susurrans;HISTORICAL;2;HONDA
Zimmerius chrysops;HISTORICAL;1;HONDA
Actitis macularius;MODERN;1;HONDA
Amazilia tzacatl;MODERN;22;HONDA
Amazona ochrocephala;MODERN;32;HONDA
Anthracothorax nigricollis;MODERN;1;HONDA
Arremon aurantiirostris;MODERN;27;HONDA
Arremonops conirostris;MODERN;8;HONDA
Atalotriccus pilaris;MODERN;11;HONDA
Automolus ochrolaemus;MODERN;1;HONDA
Brotogeris jugularis;MODERN;66;HONDA
Butorides striata;MODERN;5;HONDA
Campylorhynchus zonatus;MODERN;7;HONDA
Cantorchilus leucotis;MODERN;5;HONDA
Catharus minimus;MODERN;8;HONDA
Cercomacra nigricans;MODERN;8;HONDA
Chalybura buffonii;MODERN;12;HONDA
Chlorestes julie;MODERN;1;HONDA
Chlorophanes spiza;MODERN;1;HONDA
Chrysuronia goudoti;MODERN;8;HONDA
Coereba flaveola;MODERN;8;HONDA
Colinus cristatus;MODERN;2;HONDA
Colonia colonus;MODERN;1;HONDA
Columbina passerina;MODERN;6;HONDA
Conirostrum leucogenys;MODERN;5;HONDA
Contopus cinereus;MODERN;2;HONDA
Corapipo leucorrhoa;MODERN;1;HONDA
Crotophaga major;MODERN;21;HONDA
Cyanocorax affinis;MODERN;37;HONDA
Cyclarhis gujanensis;MODERN;34;HONDA
Dacnis lineata;MODERN;1;HONDA
Dendrocincla fuliginosa;MODERN;10;HONDA
Dendroplex picus;MODERN;11;HONDA
Donacobius atricapilla;MODERN;7;HONDA
Dryobates kirkii;MODERN;3;HONDA
Elaenia flavogaster;MODERN;45;HONDA
Empidonax traillii;MODERN;1;HONDA
Eucometis penicillata;MODERN;12;HONDA
Euphonia concinna;MODERN;1;HONDA
Euphonia laniirostris;MODERN;35;HONDA
Falco sparverius;MODERN;6;HONDA
Fluvicola pica;MODERN;3;HONDA
Formicivora grisea;MODERN;21;HONDA
Forpus conspicillatus;MODERN;20;HONDA
Galbula ruficauda;MODERN;16;HONDA
Geothlypis philadelphia;MODERN;5;HONDA
Hemitriccus margaritaceiventer;MODERN;6;HONDA
Henicorhina leucosticta;MODERN;19;HONDA
Icterus auricapillus;MODERN;1;HONDA
Icterus chrysater;MODERN;7;HONDA
Lepidocolaptes souleyetii;MODERN;19;HONDA
Manacus manacus;MODERN;26;HONDA
Megaceryle torquata;MODERN;1;HONDA
Melanerpes rubricapillus;MODERN;43;HONDA
Melanospiza bicolor;MODERN;4;HONDA
Milvago chimachima;MODERN;25;HONDA
Mimus gilvus;MODERN;1;HONDA
Mionectes oleagineus;MODERN;25;HONDA
Mniotilta varia;MODERN;1;HONDA
Momotus aequatorialis;MODERN;1;HONDA
Momotus subrufescens;MODERN;1;HONDA
Myiarchus apicalis;MODERN;12;HONDA
Myiopagis viridicata;MODERN;14;HONDA
Myiozetetes cayanensis;MODERN;42;HONDA
Myrmeciza longipes;MODERN;23;HONDA
Nystalus radiatus;MODERN;1;HONDA
Parkesia noveboracensis;MODERN;1;HONDA
Phaeomyias murina;MODERN;7;HONDA
Pheugopedius fasciatoventris;MODERN;9;HONDA
Picumnus olivaceus;MODERN;9;HONDA
Piranga rubra;MODERN;11;HONDA
Pitangus sulphuratus;MODERN;33;HONDA
Poecilotriccus sylvia;MODERN;6;HONDA
Polioptila plumbea;MODERN;35;HONDA
Psittacara wagleri;MODERN;1;HONDA
Pyrocephalus rubinus;MODERN;1;HONDA
Ramphocelus dimidiatus;MODERN;30;HONDA
Saltator striatipectus;MODERN;26;HONDA
Setophaga castanea;MODERN;6;HONDA
Setophaga fusca;MODERN;8;HONDA
Setophaga petechia;MODERN;4;HONDA
Setophaga ruticilla;MODERN;1;HONDA
Spinus psaltria;MODERN;1;HONDA
Sporophila crassirostris;MODERN;1;HONDA
Sporophila funerea;MODERN;4;HONDA
Sporophila minuta;MODERN;1;HONDA
Sporophila schistacea;MODERN;1;HONDA
Stilpnia cyanicollis;MODERN;8;HONDA
Stilpnia vitriolina;MODERN;12;HONDA
Streptoprocne zonaris;MODERN;1;HONDA
Tangara gyrola;MODERN;4;HONDA
Taraba major;MODERN;1;HONDA
Thalurania colombica;MODERN;1;HONDA
Thamnophilus atrinucha;MODERN;33;HONDA
Thamnophilus doliatus;MODERN;32;HONDA
Thraupis episcopus;MODERN;49;HONDA
Tiaris olivaceus;MODERN;1;HONDA
Todirostrum cinereum;MODERN;30;HONDA
Troglodytes aedon;MODERN;48;HONDA
Turdus ignobilis;MODERN;26;HONDA
Turdus leucomelas;MODERN;28;HONDA
Tyrannus melancholicus;MODERN;22;HONDA
Volatinia jacarina;MODERN;41;HONDA
Xiphorhynchus susurrans;MODERN;13;HONDA
Zimmerius chrysops;MODERN;1;HONDA
Accipiter bicolor;HISTORICAL;1;FLORENCIA
Akletos melanoceps;HISTORICAL;11;FLORENCIA
Ammodramus aurifrons;HISTORICAL;11;FLORENCIA
Anabacerthia ruficaudata;HISTORICAL;2;FLORENCIA
Anabazenops dorsalis;HISTORICAL;3;FLORENCIA
Ancistrops strigilatus;HISTORICAL;3;FLORENCIA
Anurolimnas castaneiceps;HISTORICAL;3;FLORENCIA
Anurolimnas fasciatus;HISTORICAL;2;FLORENCIA
Ara ararauna;HISTORICAL;1;FLORENCIA
Ara severus;HISTORICAL;2;FLORENCIA
Ardea alba;HISTORICAL;1;FLORENCIA
Atticora fasciata;HISTORICAL;4;FLORENCIA
Automolus infuscatus;HISTORICAL;5;FLORENCIA
Automolus subulatus;HISTORICAL;1;FLORENCIA
Baryphthengus martii;HISTORICAL;5;FLORENCIA
Brachygalba lugubris;HISTORICAL;17;FLORENCIA
Bucco capensis;HISTORICAL;2;FLORENCIA
Bucco macrodactylus;HISTORICAL;4;FLORENCIA
Butorides striata;HISTORICAL;2;FLORENCIA
Cacicus cela;HISTORICAL;14;FLORENCIA
Cacicus haemorrhous;HISTORICAL;2;FLORENCIA
Campephilus melanoleucos;HISTORICAL;1;FLORENCIA
Campephilus rubricollis;HISTORICAL;1;FLORENCIA
Campylopterus largipennis;HISTORICAL;1;FLORENCIA
Campylorhamphus pusillus;HISTORICAL;1;FLORENCIA
Campylorhynchus turdinus;HISTORICAL;6;FLORENCIA
Capito auratus;HISTORICAL;3;FLORENCIA
Capito aurovirens;HISTORICAL;7;FLORENCIA
Cephalopterus ornatus;HISTORICAL;1;FLORENCIA
Ceratopipra erythrocephala;HISTORICAL;6;FLORENCIA
Cercomacra cinerascens;HISTORICAL;2;FLORENCIA
Cercomacroides tyrannina;HISTORICAL;3;FLORENCIA
Chamaeza nobilis;HISTORICAL;1;FLORENCIA
Charadrius collaris;HISTORICAL;2;FLORENCIA
Chionomesa fimbriata;HISTORICAL;1;FLORENCIA
Chiroxiphia pareola;HISTORICAL;2;FLORENCIA
Chloroceryle amazona;HISTORICAL;2;FLORENCIA
Chloroceryle americana;HISTORICAL;1;FLORENCIA
Chlorophanes spiza;HISTORICAL;4;FLORENCIA
Cissopis leverianus;HISTORICAL;16;FLORENCIA
Cnipodectes subbrunneus;HISTORICAL;2;FLORENCIA
Coccyzus americanus;HISTORICAL;2;FLORENCIA
Coccyzus melacoryphus;HISTORICAL;2;FLORENCIA
Colaptes punctigula;HISTORICAL;1;FLORENCIA
Conopophaga aurita;HISTORICAL;3;FLORENCIA
Crotophaga ani;HISTORICAL;2;FLORENCIA
Cryptopipo holochlora;HISTORICAL;1;FLORENCIA
Cyanocorax violaceus;HISTORICAL;7;FLORENCIA
Cymbilaimus lineatus;HISTORICAL;2;FLORENCIA
Cyphorhinus arada;HISTORICAL;3;FLORENCIA
Dacnis cayana;HISTORICAL;5;FLORENCIA
Dacnis lineata;HISTORICAL;5;FLORENCIA
Dendrocolaptes certhia;HISTORICAL;1;FLORENCIA
Dendrocolaptes picumnus;HISTORICAL;1;FLORENCIA
Dichrozona cincta;HISTORICAL;3;FLORENCIA
Dolichonyx oryzivorus;HISTORICAL;1;FLORENCIA
Donacobius atricapilla;HISTORICAL;10;FLORENCIA
Dryobates affinis;HISTORICAL;5;FLORENCIA
Elaenia gigas;HISTORICAL;1;FLORENCIA
Elaenia parvirostris;HISTORICAL;5;FLORENCIA
Elanoides forficatus;HISTORICAL;1;FLORENCIA
Epinecrophylla haematonota;HISTORICAL;1;FLORENCIA
Euphonia laniirostris;HISTORICAL;1;FLORENCIA
Euphonia xanthogaster;HISTORICAL;6;FLORENCIA
Falco rufigularis;HISTORICAL;3;FLORENCIA
Formicarius analis;HISTORICAL;3;FLORENCIA
Formicarius colma;HISTORICAL;4;FLORENCIA
Forpus modestus;HISTORICAL;3;FLORENCIA
Galbalcyrhynchus leucotis;HISTORICAL;8;FLORENCIA
Galbula albirostris;HISTORICAL;5;FLORENCIA
Galbula tombacea;HISTORICAL;4;FLORENCIA
Glaucidium brasilianum;HISTORICAL;1;FLORENCIA
Glaucis hirsutus;HISTORICAL;2;FLORENCIA
Glyphorynchus spirurus;HISTORICAL;9;FLORENCIA
Hemithraupis guira;HISTORICAL;1;FLORENCIA
Hemitriccus zosterops;HISTORICAL;2;FLORENCIA
Henicorhina leucosticta;HISTORICAL;9;FLORENCIA
Hydropsalis climacocerca;HISTORICAL;5;FLORENCIA
Hylophylax naevius;HISTORICAL;12;FLORENCIA
Hypocnemis flavescens;HISTORICAL;12;FLORENCIA
Hypocnemis hypoxantha;HISTORICAL;2;FLORENCIA
Ibycter americanus;HISTORICAL;3;FLORENCIA
Isleria hauxwelli;HISTORICAL;1;FLORENCIA
Ixothraupis xanthogastra;HISTORICAL;3;FLORENCIA
Jacana jacana;HISTORICAL;3;FLORENCIA
Laterallus melanophaius;HISTORICAL;1;FLORENCIA
Lepidothrix coronata;HISTORICAL;36;FLORENCIA
Leptotila rufaxilla;HISTORICAL;5;FLORENCIA
Lipaugus vociferans;HISTORICAL;5;FLORENCIA
Lophotriccus vitiosus;HISTORICAL;1;FLORENCIA
Loriotus cristatus;HISTORICAL;2;FLORENCIA
Loriotus luctuosus;HISTORICAL;1;FLORENCIA
Machaeropterus striolatus;HISTORICAL;6;FLORENCIA
Malacoptila fusca;HISTORICAL;2;FLORENCIA
Megascops watsonii;HISTORICAL;2;FLORENCIA
Melanerpes cruentatus;HISTORICAL;16;FLORENCIA
Microbates collaris;HISTORICAL;1;FLORENCIA
Microcerculus marginatus;HISTORICAL;3;FLORENCIA
Microrhopias quixensis;HISTORICAL;1;FLORENCIA
Mionectes oleagineus;HISTORICAL;2;FLORENCIA
Molothrus bonariensis;HISTORICAL;1;FLORENCIA
Momotus momota;HISTORICAL;11;FLORENCIA
Monasa flavirostris;HISTORICAL;7;FLORENCIA
Monasa morphoeus;HISTORICAL;13;FLORENCIA
Monasa nigrifrons;HISTORICAL;6;FLORENCIA
Myiarchus ferox;HISTORICAL;3;FLORENCIA
Myiarchus swainsoni;HISTORICAL;1;FLORENCIA
Myiobius barbatus;HISTORICAL;6;FLORENCIA
Myiozetetes granadensis;HISTORICAL;2;FLORENCIA
Myiozetetes similis;HISTORICAL;1;FLORENCIA
Myrmelastes leucostigma;HISTORICAL;4;FLORENCIA
Myrmoborus leucophrys;HISTORICAL;5;FLORENCIA
Myrmoborus myotherinus;HISTORICAL;10;FLORENCIA
Myrmothera campanisona;HISTORICAL;4;FLORENCIA
Myrmothera fulviventris;HISTORICAL;1;FLORENCIA
Myrmotherula axillaris;HISTORICAL;10;FLORENCIA
Myrmotherula brachyura;HISTORICAL;2;FLORENCIA
Myrmotherula menetriesii;HISTORICAL;1;FLORENCIA
Nycticorax nycticorax;HISTORICAL;1;FLORENCIA
Ochthornis littoralis;HISTORICAL;2;FLORENCIA
Odontophorus gujanensis;HISTORICAL;1;FLORENCIA
Pachyramphus castaneus;HISTORICAL;1;FLORENCIA
Pachyramphus minor;HISTORICAL;3;FLORENCIA
Pachyramphus polychopterus;HISTORICAL;3;FLORENCIA
Paroaria gularis;HISTORICAL;6;FLORENCIA
Patagioenas subvinacea;HISTORICAL;1;FLORENCIA
Phaethornis bourcieri;HISTORICAL;4;FLORENCIA
Pharomachrus pavoninus;HISTORICAL;1;FLORENCIA
Philydor pyrrhodes;HISTORICAL;1;FLORENCIA
Piaya cayana;HISTORICAL;1;FLORENCIA
Pionites melanocephalus;HISTORICAL;2;FLORENCIA
Pipile cumanensis;HISTORICAL;1;FLORENCIA
Pipra filicauda;HISTORICAL;3;FLORENCIA
Platyrinchus coronatus;HISTORICAL;2;FLORENCIA
Plegadis falcinellus;HISTORICAL;1;FLORENCIA
Poecilotriccus latirostris;HISTORICAL;1;FLORENCIA
Progne chalybea;HISTORICAL;2;FLORENCIA
Psarocolius angustifrons;HISTORICAL;3;FLORENCIA
Psarocolius bifasciatus;HISTORICAL;2;FLORENCIA
Psarocolius decumanus;HISTORICAL;3;FLORENCIA
Psophia crepitans;HISTORICAL;1;FLORENCIA
Pteroglossus azara;HISTORICAL;4;FLORENCIA
Pteroglossus inscriptus;HISTORICAL;2;FLORENCIA
Pteroglossus pluricinctus;HISTORICAL;3;FLORENCIA
Pyrocephalus rubinus;HISTORICAL;1;FLORENCIA
Querula purpurata;HISTORICAL;6;FLORENCIA
Ramphastos tucanus;HISTORICAL;6;FLORENCIA
Ramphocelus carbo;HISTORICAL;12;FLORENCIA
Ramphocelus nigrogularis;HISTORICAL;5;FLORENCIA
Rhynchocyclus olivaceus;HISTORICAL;4;FLORENCIA
Rhytipterna simplex;HISTORICAL;1;FLORENCIA
Rupornis magnirostris;HISTORICAL;2;FLORENCIA
Saltator coerulescens;HISTORICAL;4;FLORENCIA
Saltator maximus;HISTORICAL;5;FLORENCIA
Sclerurus caudacutus;HISTORICAL;5;FLORENCIA
Selenidera reinwardtii;HISTORICAL;4;FLORENCIA
Sporophila castaneiventris;HISTORICAL;1;FLORENCIA
Sporophila murallae;HISTORICAL;1;FLORENCIA
Sporophila nigricollis;HISTORICAL;1;FLORENCIA
Stelgidopteryx ruficollis;HISTORICAL;1;FLORENCIA
Stilpnia nigrocincta;HISTORICAL;1;FLORENCIA
Synallaxis rutilans;HISTORICAL;3;FLORENCIA
Tachycineta albiventer;HISTORICAL;13;FLORENCIA
Tachyphonus surinamus;HISTORICAL;3;FLORENCIA
Tangara chilensis;HISTORICAL;1;FLORENCIA
Tangara mexicana;HISTORICAL;2;FLORENCIA
Tangara schrankii;HISTORICAL;1;FLORENCIA
Thalurania furcata;HISTORICAL;2;FLORENCIA
Thamnomanes ardesiacus;HISTORICAL;8;FLORENCIA
Thamnomanes caesius;HISTORICAL;6;FLORENCIA
Thamnophilus schistaceus;HISTORICAL;4;FLORENCIA
Thraupis episcopus;HISTORICAL;7;FLORENCIA
Thraupis palmarum;HISTORICAL;5;FLORENCIA
Tityra cayana;HISTORICAL;2;FLORENCIA
Tityra inquisitor;HISTORICAL;2;FLORENCIA
Tolmomyias assimilis;HISTORICAL;1;FLORENCIA
Tolmomyias poliocephalus;HISTORICAL;4;FLORENCIA
Trogon curucui;HISTORICAL;3;FLORENCIA
Trogon melanurus;HISTORICAL;2;FLORENCIA
Trogon ramonianus;HISTORICAL;1;FLORENCIA
Trogon rufus;HISTORICAL;3;FLORENCIA
Trogon viridis;HISTORICAL;4;FLORENCIA
Turdus albicollis;HISTORICAL;4;FLORENCIA
Turdus ignobilis;HISTORICAL;6;FLORENCIA
Tyrannulus elatus;HISTORICAL;1;FLORENCIA
Tyrannus melancholicus;HISTORICAL;1;FLORENCIA
Willisornis poecilinotus;HISTORICAL;3;FLORENCIA
Xiphorhynchus elegans;HISTORICAL;1;FLORENCIA
Xiphorhynchus guttatus;HISTORICAL;1;FLORENCIA
Akletos melanoceps;MODERN;1;FLORENCIA
Ammodramus aurifrons;MODERN;47;FLORENCIA
Ara ararauna;MODERN;1;FLORENCIA
Ara severus;MODERN;15;FLORENCIA
Ardea alba;MODERN;1;FLORENCIA
Atticora fasciata;MODERN;29;FLORENCIA
Baryphthengus martii;MODERN;1;FLORENCIA
Brachygalba lugubris;MODERN;1;FLORENCIA
Butorides striata;MODERN;5;FLORENCIA
Cacicus cela;MODERN;28;FLORENCIA
Campephilus melanoleucos;MODERN;2;FLORENCIA
Campylopterus largipennis;MODERN;1;FLORENCIA
Campylorhynchus turdinus;MODERN;1;FLORENCIA
Capito auratus;MODERN;24;FLORENCIA
Capito aurovirens;MODERN;5;FLORENCIA
Cephalopterus ornatus;MODERN;1;FLORENCIA
Cercomacroides tyrannina;MODERN;1;FLORENCIA
Charadrius collaris;MODERN;3;FLORENCIA
Chionomesa fimbriata;MODERN;15;FLORENCIA
Chloroceryle amazona;MODERN;2;FLORENCIA
Chloroceryle americana;MODERN;4;FLORENCIA
Chlorophanes spiza;MODERN;5;FLORENCIA
Cissopis leverianus;MODERN;1;FLORENCIA
Coccyzus melacoryphus;MODERN;4;FLORENCIA
Colaptes punctigula;MODERN;2;FLORENCIA
Crotophaga ani;MODERN;80;FLORENCIA
Cyanocorax violaceus;MODERN;56;FLORENCIA
Dendrocolaptes picumnus;MODERN;1;FLORENCIA
Donacobius atricapilla;MODERN;8;FLORENCIA
Dryobates affinis;MODERN;2;FLORENCIA
Elaenia gigas;MODERN;1;FLORENCIA
Elaenia parvirostris;MODERN;3;FLORENCIA
Elanoides forficatus;MODERN;1;FLORENCIA
Euphonia laniirostris;MODERN;7;FLORENCIA
Euphonia xanthogaster;MODERN;4;FLORENCIA
Falco rufigularis;MODERN;1;FLORENCIA
Galbalcyrhynchus leucotis;MODERN;7;FLORENCIA
Galbula tombacea;MODERN;1;FLORENCIA
Glaucidium brasilianum;MODERN;1;FLORENCIA
Glaucis hirsutus;MODERN;15;FLORENCIA
Glyphorynchus spirurus;MODERN;18;FLORENCIA
Henicorhina leucosticta;MODERN;1;FLORENCIA
Hydropsalis climacocerca;MODERN;1;FLORENCIA
Ixothraupis xanthogastra;MODERN;1;FLORENCIA
Jacana jacana;MODERN;2;FLORENCIA
Lepidothrix coronata;MODERN;16;FLORENCIA
Leptotila rufaxilla;MODERN;16;FLORENCIA
Loriotus luctuosus;MODERN;1;FLORENCIA
Machaeropterus striolatus;MODERN;24;FLORENCIA
Melanerpes cruentatus;MODERN;18;FLORENCIA
Microcerculus marginatus;MODERN;7;FLORENCIA
Mionectes oleagineus;MODERN;21;FLORENCIA
Molothrus bonariensis;MODERN;4;FLORENCIA
Momotus momota;MODERN;1;FLORENCIA
Monasa flavirostris;MODERN;1;FLORENCIA
Monasa nigrifrons;MODERN;7;FLORENCIA
Myiarchus ferox;MODERN;16;FLORENCIA
Myiozetetes granadensis;MODERN;8;FLORENCIA
Myiozetetes similis;MODERN;10;FLORENCIA
Myrmelastes leucostigma;MODERN;1;FLORENCIA
Myrmoborus myotherinus;MODERN;1;FLORENCIA
Myrmothera campanisona;MODERN;1;FLORENCIA
Myrmotherula axillaris;MODERN;1;FLORENCIA
Nycticorax nycticorax;MODERN;1;FLORENCIA
Ochthornis littoralis;MODERN;3;FLORENCIA
Odontophorus gujanensis;MODERN;1;FLORENCIA
Pachyramphus polychopterus;MODERN;14;FLORENCIA
Paroaria gularis;MODERN;10;FLORENCIA
Patagioenas subvinacea;MODERN;1;FLORENCIA
Phaethornis bourcieri;MODERN;3;FLORENCIA
Piaya cayana;MODERN;5;FLORENCIA
Pionites melanocephalus;MODERN;1;FLORENCIA
Poecilotriccus latirostris;MODERN;23;FLORENCIA
Progne chalybea;MODERN;1;FLORENCIA
Psarocolius angustifrons;MODERN;34;FLORENCIA
Psarocolius decumanus;MODERN;14;FLORENCIA
Pteroglossus azara;MODERN;1;FLORENCIA
Pteroglossus inscriptus;MODERN;1;FLORENCIA
Pteroglossus pluricinctus;MODERN;3;FLORENCIA
Pyrocephalus rubinus;MODERN;1;FLORENCIA
Ramphastos tucanus;MODERN;1;FLORENCIA
Ramphocelus carbo;MODERN;97;FLORENCIA
Ramphocelus nigrogularis;MODERN;2;FLORENCIA
Rhynchocyclus olivaceus;MODERN;5;FLORENCIA
Rupornis magnirostris;MODERN;21;FLORENCIA
Saltator coerulescens;MODERN;3;FLORENCIA
Saltator maximus;MODERN;18;FLORENCIA
Sporophila castaneiventris;MODERN;2;FLORENCIA
Sporophila murallae;MODERN;2;FLORENCIA
Sporophila nigricollis;MODERN;1;FLORENCIA
Stelgidopteryx ruficollis;MODERN;1;FLORENCIA
Stilpnia nigrocincta;MODERN;1;FLORENCIA
Tachycineta albiventer;MODERN;5;FLORENCIA
Tachyphonus surinamus;MODERN;1;FLORENCIA
Tangara chilensis;MODERN;1;FLORENCIA
Tangara mexicana;MODERN;13;FLORENCIA
Thalurania furcata;MODERN;3;FLORENCIA
Thraupis episcopus;MODERN;35;FLORENCIA
Thraupis palmarum;MODERN;19;FLORENCIA
Tityra cayana;MODERN;4;FLORENCIA
Tityra inquisitor;MODERN;1;FLORENCIA
Tolmomyias assimilis;MODERN;1;FLORENCIA
Tolmomyias poliocephalus;MODERN;29;FLORENCIA
Trogon curucui;MODERN;1;FLORENCIA
Trogon viridis;MODERN;18;FLORENCIA
Turdus ignobilis;MODERN;24;FLORENCIA
Tyrannulus elatus;MODERN;10;FLORENCIA
Tyrannus melancholicus;MODERN;68;FLORENCIA
Xiphorhynchus guttatus;MODERN;1;FLORENCIA
Adelomyia melanogenys;HISTORICAL;3;FUSAGASUGA
Aglaiocercus kingii;HISTORICAL;6;FUSAGASUGA
Amazilia tzacatl;HISTORICAL;1;FUSAGASUGA
Amblycercus holosericeus;HISTORICAL;1;FUSAGASUGA
Ampelion rubrocristatus;HISTORICAL;2;FUSAGASUGA
Anabacerthia striaticollis;HISTORICAL;3;FUSAGASUGA
Anisognathus igniventris;HISTORICAL;4;FUSAGASUGA
Anisognathus somptuosus;HISTORICAL;4;FUSAGASUGA
Ara severus;HISTORICAL;1;FUSAGASUGA
Arremon assimilis;HISTORICAL;2;FUSAGASUGA
Arremon brunneinucha;HISTORICAL;4;FUSAGASUGA
Asthenes fuliginosa;HISTORICAL;1;FUSAGASUGA
Atlapetes albinucha;HISTORICAL;6;FUSAGASUGA
Atlapetes albofrenatus;HISTORICAL;6;FUSAGASUGA
Atlapetes pallidinucha;HISTORICAL;5;FUSAGASUGA
Atlapetes schistaceus;HISTORICAL;8;FUSAGASUGA
Aulacorhynchus albivitta;HISTORICAL;6;FUSAGASUGA
Basileuterus rufifrons;HISTORICAL;1;FUSAGASUGA
Basileuterus tristriatus;HISTORICAL;3;FUSAGASUGA
Boissonneaua flavescens;HISTORICAL;4;FUSAGASUGA
Buteo platypterus;HISTORICAL;1;FUSAGASUGA
Buthraupis montana;HISTORICAL;3;FUSAGASUGA
Cacicus uropygialis;HISTORICAL;1;FUSAGASUGA
Campephilus pollens;HISTORICAL;1;FUSAGASUGA
Campylorhamphus pusillus;HISTORICAL;1;FUSAGASUGA
Cardellina canadensis;HISTORICAL;3;FUSAGASUGA
Chaetocercus heliodor;HISTORICAL;1;FUSAGASUGA
Chalcothraupis ruficervix;HISTORICAL;4;FUSAGASUGA
Chlorophanes spiza;HISTORICAL;4;FUSAGASUGA
Chlorornis riefferii;HISTORICAL;1;FUSAGASUGA
Chlorospingus canigularis;HISTORICAL;9;FUSAGASUGA
Chlorospingus flavopectus;HISTORICAL;3;FUSAGASUGA
Chrysomus icterocephalus;HISTORICAL;1;FUSAGASUGA
Cinclus leucocephalus;HISTORICAL;1;FUSAGASUGA
Cinnycerthia olivascens;HISTORICAL;2;FUSAGASUGA
Cinnycerthia unirufa;HISTORICAL;8;FUSAGASUGA
Cnemathraupis eximia;HISTORICAL;2;FUSAGASUGA
Cnemoscopus rubrirostris;HISTORICAL;1;FUSAGASUGA
Coccyzus melacoryphus;HISTORICAL;1;FUSAGASUGA
Coeligena bonapartei;HISTORICAL;3;FUSAGASUGA
Coeligena coeligena;HISTORICAL;1;FUSAGASUGA
Coeligena torquata;HISTORICAL;14;FUSAGASUGA
Colaptes rivolii;HISTORICAL;3;FUSAGASUGA
Colinus cristatus;HISTORICAL;1;FUSAGASUGA
Conirostrum albifrons;HISTORICAL;7;FUSAGASUGA
Conirostrum leucogenys;HISTORICAL;1;FUSAGASUGA
Conirostrum rufum;HISTORICAL;2;FUSAGASUGA
Conirostrum sitticolor;HISTORICAL;4;FUSAGASUGA
Conopias cinchoneti;HISTORICAL;1;FUSAGASUGA
Contopus fumigatus;HISTORICAL;9;FUSAGASUGA
Cranioleuca curtata;HISTORICAL;3;FUSAGASUGA
Crotophaga ani;HISTORICAL;1;FUSAGASUGA
Cyanocorax yncas;HISTORICAL;3;FUSAGASUGA
Cyclarhis nigrirostris;HISTORICAL;1;FUSAGASUGA
Dendrocolaptes picumnus;HISTORICAL;1;FUSAGASUGA
Diglossa albilatera;HISTORICAL;19;FUSAGASUGA
Diglossa caerulescens;HISTORICAL;3;FUSAGASUGA
Diglossa cyanea;HISTORICAL;17;FUSAGASUGA
Diglossa humeralis;HISTORICAL;4;FUSAGASUGA
Dryobates dignus;HISTORICAL;1;FUSAGASUGA
Dryobates fumigatus;HISTORICAL;4;FUSAGASUGA
Dubusia taeniata;HISTORICAL;3;FUSAGASUGA
Elaenia chiriquensis;HISTORICAL;1;FUSAGASUGA
Elaenia frantzii;HISTORICAL;3;FUSAGASUGA
Ensifera ensifera;HISTORICAL;1;FUSAGASUGA
Eriocnemis vestita;HISTORICAL;4;FUSAGASUGA
Euchrepomis callinota;HISTORICAL;2;FUSAGASUGA
Eutoxeres aquila;HISTORICAL;1;FUSAGASUGA
Falco sparverius;HISTORICAL;3;FUSAGASUGA
Formicivora grisea;HISTORICAL;1;FUSAGASUGA
Grallaria hypoleuca;HISTORICAL;6;FUSAGASUGA
Grallaria nuchalis;HISTORICAL;1;FUSAGASUGA
Grallaria ruficapilla;HISTORICAL;3;FUSAGASUGA
Hapalopsittaca amazonina;HISTORICAL;3;FUSAGASUGA
Haplophaedia aureliae;HISTORICAL;2;FUSAGASUGA
Heliangelus exortis;HISTORICAL;19;FUSAGASUGA
Heliodoxa rubinoides;HISTORICAL;1;FUSAGASUGA
Hellmayrea gularis;HISTORICAL;1;FUSAGASUGA
Henicorhina leucophrys;HISTORICAL;15;FUSAGASUGA
Icterus chrysater;HISTORICAL;4;FUSAGASUGA
Iridosornis rufivertex;HISTORICAL;1;FUSAGASUGA
Lafresnaya lafresnayi;HISTORICAL;2;FUSAGASUGA
Lepidocolaptes lacrymiger;HISTORICAL;4;FUSAGASUGA
Leptopogon rufipectus;HISTORICAL;4;FUSAGASUGA
Lipaugus fuscocinereus;HISTORICAL;4;FUSAGASUGA
Lophotriccus pileatus;HISTORICAL;1;FUSAGASUGA
Lurocalis rufiventris;HISTORICAL;4;FUSAGASUGA
Lurocalis semitorquatus;HISTORICAL;4;FUSAGASUGA
Margarornis squamiger;HISTORICAL;4;FUSAGASUGA
Masius chrysopterus;HISTORICAL;10;FUSAGASUGA
Mecocerculus leucophrys;HISTORICAL;7;FUSAGASUGA
Mecocerculus poecilocercus;HISTORICAL;5;FUSAGASUGA
Metallura tyrianthina;HISTORICAL;1;FUSAGASUGA
Mionectes oleagineus;HISTORICAL;1;FUSAGASUGA
Mionectes striaticollis;HISTORICAL;3;FUSAGASUGA
Myadestes ralloides;HISTORICAL;4;FUSAGASUGA
Myioborus miniatus;HISTORICAL;14;FUSAGASUGA
Myioborus ornatus;HISTORICAL;5;FUSAGASUGA
Myiophobus flavicans;HISTORICAL;4;FUSAGASUGA
Myiothlypis coronata;HISTORICAL;8;FUSAGASUGA
Myiothlypis nigrocristata;HISTORICAL;4;FUSAGASUGA
Myiotriccus ornatus;HISTORICAL;4;FUSAGASUGA
Myiozetetes cayanensis;HISTORICAL;1;FUSAGASUGA
Myornis senilis;HISTORICAL;1;FUSAGASUGA
Myrmotherula schisticolor;HISTORICAL;1;FUSAGASUGA
Nephelomyias pulcher;HISTORICAL;4;FUSAGASUGA
Ochthoeca cinnamomeiventris;HISTORICAL;2;FUSAGASUGA
Ochthoeca diadema;HISTORICAL;2;FUSAGASUGA
Ochthoeca fumicolor;HISTORICAL;3;FUSAGASUGA
Ocreatus underwoodii;HISTORICAL;2;FUSAGASUGA
Orochelidon murina;HISTORICAL;9;FUSAGASUGA
Ortalis columbiana;HISTORICAL;1;FUSAGASUGA
Pachyramphus polychopterus;HISTORICAL;3;FUSAGASUGA
Pachyramphus versicolor;HISTORICAL;3;FUSAGASUGA
Phaeomyias murina;HISTORICAL;1;FUSAGASUGA
Pheugopedius fasciatoventris;HISTORICAL;1;FUSAGASUGA
Phylloscartes poecilotis;HISTORICAL;1;FUSAGASUGA
Picumnus olivaceus;HISTORICAL;1;FUSAGASUGA
Pionus chalcopterus;HISTORICAL;3;FUSAGASUGA
Pionus tumultuosus;HISTORICAL;3;FUSAGASUGA
Pipraeidea melanonota;HISTORICAL;5;FUSAGASUGA
Pipreola riefferii;HISTORICAL;9;FUSAGASUGA
Piranga leucoptera;HISTORICAL;1;FUSAGASUGA
Premnoplex brunnescens;HISTORICAL;1;FUSAGASUGA
Premnornis guttuliger;HISTORICAL;2;FUSAGASUGA
Psarocolius angustifrons;HISTORICAL;3;FUSAGASUGA
Pseudocolaptes boissonneautii;HISTORICAL;2;FUSAGASUGA
Pseudotriccus ruficeps;HISTORICAL;2;FUSAGASUGA
Pyrrhomyias cinnamomeus;HISTORICAL;6;FUSAGASUGA
Pyrrhura calliptera;HISTORICAL;8;FUSAGASUGA
Ramphastos ambiguus;HISTORICAL;1;FUSAGASUGA
Ramphomicron microrhynchum;HISTORICAL;3;FUSAGASUGA
Rhynchocyclus fulvipectus;HISTORICAL;1;FUSAGASUGA
Saltator atripennis;HISTORICAL;5;FUSAGASUGA
Saltator striatipectus;HISTORICAL;2;FUSAGASUGA
Schistes geoffroyi;HISTORICAL;2;FUSAGASUGA
Scytalopus griseicollis;HISTORICAL;3;FUSAGASUGA
Scytalopus latrans;HISTORICAL;7;FUSAGASUGA
Serpophaga cinerea;HISTORICAL;2;FUSAGASUGA
Setophaga fusca;HISTORICAL;2;FUSAGASUGA
Siptornis striaticollis;HISTORICAL;1;FUSAGASUGA
Sphenopsis frontalis;HISTORICAL;4;FUSAGASUGA
Sphenopsis melanotis;HISTORICAL;3;FUSAGASUGA
Spinus psaltria;HISTORICAL;1;FUSAGASUGA
Spinus spinescens;HISTORICAL;2;FUSAGASUGA
Spinus xanthogastrus;HISTORICAL;1;FUSAGASUGA
Sporathraupis cyanocephala;HISTORICAL;2;FUSAGASUGA
Stilpnia cyanicollis;HISTORICAL;2;FUSAGASUGA
Stilpnia heinei;HISTORICAL;14;FUSAGASUGA
Stilpnia vitriolina;HISTORICAL;3;FUSAGASUGA
Streptoprocne rutila;HISTORICAL;1;FUSAGASUGA
Sturnella magna;HISTORICAL;2;FUSAGASUGA
Synallaxis unirufa;HISTORICAL;11;FUSAGASUGA
Syndactyla subalaris;HISTORICAL;1;FUSAGASUGA
Tachyphonus rufus;HISTORICAL;4;FUSAGASUGA
Tangara arthus;HISTORICAL;7;FUSAGASUGA
Tangara gyrola;HISTORICAL;2;FUSAGASUGA
Tangara labradorides;HISTORICAL;14;FUSAGASUGA
Tangara nigroviridis;HISTORICAL;12;FUSAGASUGA
Tangara parzudakii;HISTORICAL;4;FUSAGASUGA
Tangara vassorii;HISTORICAL;11;FUSAGASUGA
Thamnophilus multistriatus;HISTORICAL;1;FUSAGASUGA
Thamnophilus unicolor;HISTORICAL;7;FUSAGASUGA
Thraupis episcopus;HISTORICAL;2;FUSAGASUGA
Thraupis palmarum;HISTORICAL;1;FUSAGASUGA
Todirostrum cinereum;HISTORICAL;2;FUSAGASUGA
Troglodytes aedon;HISTORICAL;4;FUSAGASUGA
Troglodytes solstitialis;HISTORICAL;6;FUSAGASUGA
Trogon personatus;HISTORICAL;1;FUSAGASUGA
Turdus fuscater;HISTORICAL;1;FUSAGASUGA
Turdus ignobilis;HISTORICAL;5;FUSAGASUGA
Tyrannus melancholicus;HISTORICAL;1;FUSAGASUGA
Uromyias agilis;HISTORICAL;1;FUSAGASUGA
Vireo leucophrys;HISTORICAL;7;FUSAGASUGA
Volatinia jacarina;HISTORICAL;1;FUSAGASUGA
Xenops rutilans;HISTORICAL;4;FUSAGASUGA
Xiphocolaptes promeropirhynchus;HISTORICAL;8;FUSAGASUGA
Xiphorhynchus triangularis;HISTORICAL;6;FUSAGASUGA
Zimmerius chrysops;HISTORICAL;10;FUSAGASUGA
Zonotrichia capensis;HISTORICAL;9;FUSAGASUGA
Adelomyia melanogenys;MODERN;11;FUSAGASUGA
Aglaiocercus kingii;MODERN;10;FUSAGASUGA
Amazilia tzacatl;MODERN;1;FUSAGASUGA
Amblycercus holosericeus;MODERN;5;FUSAGASUGA
Ampelion rubrocristatus;MODERN;1;FUSAGASUGA
Anabacerthia striaticollis;MODERN;1;FUSAGASUGA
Anisognathus igniventris;MODERN;39;FUSAGASUGA
Anisognathus somptuosus;MODERN;1;FUSAGASUGA
Arremon assimilis;MODERN;10;FUSAGASUGA
Arremon brunneinucha;MODERN;11;FUSAGASUGA
Atlapetes albinucha;MODERN;1;FUSAGASUGA
Atlapetes albofrenatus;MODERN;14;FUSAGASUGA
Atlapetes pallidinucha;MODERN;16;FUSAGASUGA
Atlapetes schistaceus;MODERN;11;FUSAGASUGA
Aulacorhynchus albivitta;MODERN;14;FUSAGASUGA
Basileuterus tristriatus;MODERN;5;FUSAGASUGA
Boissonneaua flavescens;MODERN;4;FUSAGASUGA
Buteo platypterus;MODERN;1;FUSAGASUGA
Buthraupis montana;MODERN;1;FUSAGASUGA
Campephilus pollens;MODERN;1;FUSAGASUGA
Campylorhamphus pusillus;MODERN;1;FUSAGASUGA
Cardellina canadensis;MODERN;2;FUSAGASUGA
Chaetocercus heliodor;MODERN;1;FUSAGASUGA
Chlorophanes spiza;MODERN;1;FUSAGASUGA
Chlorornis riefferii;MODERN;7;FUSAGASUGA
Chlorospingus canigularis;MODERN;3;FUSAGASUGA
Chlorospingus flavopectus;MODERN;11;FUSAGASUGA
Chrysomus icterocephalus;MODERN;1;FUSAGASUGA
Cinclus leucocephalus;MODERN;1;FUSAGASUGA
Cinnycerthia olivascens;MODERN;6;FUSAGASUGA
Cinnycerthia unirufa;MODERN;17;FUSAGASUGA
Cnemathraupis eximia;MODERN;1;FUSAGASUGA
Coccyzus melacoryphus;MODERN;1;FUSAGASUGA
Coeligena bonapartei;MODERN;16;FUSAGASUGA
Coeligena coeligena;MODERN;6;FUSAGASUGA
Coeligena torquata;MODERN;22;FUSAGASUGA
Colaptes rivolii;MODERN;1;FUSAGASUGA
Colinus cristatus;MODERN;1;FUSAGASUGA
Conirostrum albifrons;MODERN;1;FUSAGASUGA
Conirostrum leucogenys;MODERN;1;FUSAGASUGA
Conirostrum rufum;MODERN;5;FUSAGASUGA
Conirostrum sitticolor;MODERN;4;FUSAGASUGA
Contopus fumigatus;MODERN;1;FUSAGASUGA
Cranioleuca curtata;MODERN;1;FUSAGASUGA
Crotophaga ani;MODERN;1;FUSAGASUGA
Cyanocorax yncas;MODERN;6;FUSAGASUGA
Cyclarhis nigrirostris;MODERN;1;FUSAGASUGA
Dendrocolaptes picumnus;MODERN;1;FUSAGASUGA
Diglossa albilatera;MODERN;14;FUSAGASUGA
Diglossa caerulescens;MODERN;13;FUSAGASUGA
Diglossa cyanea;MODERN;17;FUSAGASUGA
Diglossa humeralis;MODERN;11;FUSAGASUGA
Dryobates fumigatus;MODERN;3;FUSAGASUGA
Dubusia taeniata;MODERN;3;FUSAGASUGA
Elaenia chiriquensis;MODERN;1;FUSAGASUGA
Elaenia frantzii;MODERN;6;FUSAGASUGA
Ensifera ensifera;MODERN;1;FUSAGASUGA
Eriocnemis vestita;MODERN;11;FUSAGASUGA
Eutoxeres aquila;MODERN;2;FUSAGASUGA
Falco sparverius;MODERN;1;FUSAGASUGA
Formicivora grisea;MODERN;1;FUSAGASUGA
Grallaria ruficapilla;MODERN;6;FUSAGASUGA
Haplophaedia aureliae;MODERN;14;FUSAGASUGA
Heliangelus exortis;MODERN;20;FUSAGASUGA
Heliodoxa rubinoides;MODERN;1;FUSAGASUGA
Hellmayrea gularis;MODERN;9;FUSAGASUGA
Henicorhina leucophrys;MODERN;59;FUSAGASUGA
Icterus chrysater;MODERN;10;FUSAGASUGA
Lafresnaya lafresnayi;MODERN;13;FUSAGASUGA
Lepidocolaptes lacrymiger;MODERN;5;FUSAGASUGA
Leptopogon rufipectus;MODERN;4;FUSAGASUGA
Lophotriccus pileatus;MODERN;1;FUSAGASUGA
Margarornis squamiger;MODERN;3;FUSAGASUGA
Masius chrysopterus;MODERN;2;FUSAGASUGA
Mecocerculus leucophrys;MODERN;37;FUSAGASUGA
Mecocerculus poecilocercus;MODERN;1;FUSAGASUGA
Metallura tyrianthina;MODERN;14;FUSAGASUGA
Mionectes oleagineus;MODERN;1;FUSAGASUGA
Mionectes striaticollis;MODERN;3;FUSAGASUGA
Myadestes ralloides;MODERN;17;FUSAGASUGA
Myioborus miniatus;MODERN;10;FUSAGASUGA
Myioborus ornatus;MODERN;13;FUSAGASUGA
Myiophobus flavicans;MODERN;3;FUSAGASUGA
Myiothlypis coronata;MODERN;9;FUSAGASUGA
Myiothlypis nigrocristata;MODERN;25;FUSAGASUGA
Myiotriccus ornatus;MODERN;1;FUSAGASUGA
Myiozetetes cayanensis;MODERN;1;FUSAGASUGA
Myornis senilis;MODERN;1;FUSAGASUGA
Nephelomyias pulcher;MODERN;1;FUSAGASUGA
Ochthoeca cinnamomeiventris;MODERN;8;FUSAGASUGA
Ochthoeca diadema;MODERN;11;FUSAGASUGA
Ochthoeca fumicolor;MODERN;1;FUSAGASUGA
Ocreatus underwoodii;MODERN;9;FUSAGASUGA
Orochelidon murina;MODERN;43;FUSAGASUGA
Ortalis columbiana;MODERN;1;FUSAGASUGA
Pachyramphus polychopterus;MODERN;1;FUSAGASUGA
Pachyramphus versicolor;MODERN;4;FUSAGASUGA
Pheugopedius fasciatoventris;MODERN;1;FUSAGASUGA
Picumnus olivaceus;MODERN;1;FUSAGASUGA
Pionus chalcopterus;MODERN;1;FUSAGASUGA
Pipraeidea melanonota;MODERN;1;FUSAGASUGA
Pipreola riefferii;MODERN;11;FUSAGASUGA
Premnornis guttuliger;MODERN;10;FUSAGASUGA
Pseudocolaptes boissonneautii;MODERN;2;FUSAGASUGA
Pseudotriccus ruficeps;MODERN;2;FUSAGASUGA
Pyrrhomyias cinnamomeus;MODERN;20;FUSAGASUGA
Ramphomicron microrhynchum;MODERN;1;FUSAGASUGA
Saltator atripennis;MODERN;1;FUSAGASUGA
Saltator striatipectus;MODERN;1;FUSAGASUGA
Scytalopus griseicollis;MODERN;1;FUSAGASUGA
Scytalopus latrans;MODERN;14;FUSAGASUGA
Serpophaga cinerea;MODERN;1;FUSAGASUGA
Setophaga fusca;MODERN;12;FUSAGASUGA
Sphenopsis frontalis;MODERN;8;FUSAGASUGA
Sphenopsis melanotis;MODERN;1;FUSAGASUGA
Spinus psaltria;MODERN;1;FUSAGASUGA
Spinus spinescens;MODERN;26;FUSAGASUGA
Spinus xanthogastrus;MODERN;1;FUSAGASUGA
Sporathraupis cyanocephala;MODERN;17;FUSAGASUGA
Stilpnia cyanicollis;MODERN;1;FUSAGASUGA
Stilpnia heinei;MODERN;6;FUSAGASUGA
Stilpnia vitriolina;MODERN;2;FUSAGASUGA
Streptoprocne rutila;MODERN;1;FUSAGASUGA
Sturnella magna;MODERN;20;FUSAGASUGA
Synallaxis unirufa;MODERN;13;FUSAGASUGA
Syndactyla subalaris;MODERN;2;FUSAGASUGA
Tachyphonus rufus;MODERN;1;FUSAGASUGA
Tangara arthus;MODERN;1;FUSAGASUGA
Tangara gyrola;MODERN;1;FUSAGASUGA
Tangara labradorides;MODERN;2;FUSAGASUGA
Tangara nigroviridis;MODERN;16;FUSAGASUGA
Tangara parzudakii;MODERN;5;FUSAGASUGA
Tangara vassorii;MODERN;17;FUSAGASUGA
Thamnophilus multistriatus;MODERN;1;FUSAGASUGA
Thraupis episcopus;MODERN;1;FUSAGASUGA
Thraupis palmarum;MODERN;2;FUSAGASUGA
Todirostrum cinereum;MODERN;1;FUSAGASUGA
Troglodytes aedon;MODERN;16;FUSAGASUGA
Troglodytes solstitialis;MODERN;1;FUSAGASUGA
Trogon personatus;MODERN;1;FUSAGASUGA
Turdus fuscater;MODERN;52;FUSAGASUGA
Turdus ignobilis;MODERN;2;FUSAGASUGA
Tyrannus melancholicus;MODERN;1;FUSAGASUGA
Uromyias agilis;MODERN;2;FUSAGASUGA
Vireo leucophrys;MODERN;1;FUSAGASUGA
Volatinia jacarina;MODERN;1;FUSAGASUGA
Xenops rutilans;MODERN;3;FUSAGASUGA
Xiphocolaptes promeropirhynchus;MODERN;1;FUSAGASUGA
Xiphorhynchus triangularis;MODERN;1;FUSAGASUGA
Zimmerius chrysops;MODERN;11;FUSAGASUGA
Zonotrichia capensis;MODERN;165;FUSAGASUGA
